0,식스맨TV축구해설,라인업 - 오시멘 로사노 크바라츠헬리아 젤린스키 로보트카 앙귀사 후이 디로렌조 라흐마니 김민재 메레트,2023-01-30 03:59:59
1,황박연,울 식스맨님~~~~~~~~~~~~~~~~~~~~~^^*,2023-01-30 04:26:01
2,황박연,뭬야~~ 아직 줌시능겨?^^*,2023-01-30 04:26:26
3,황박연,울 식스맨님 나와라 오바~^^*,2023-01-30 04:26:41
4,식스맨TV축구해설,자고 있다면 만들어놓질 않았죠^^;;,2023-01-30 04:27:09
5,황박연,누구야~~ 좋아요 눌르고 나갔넹^^*,2023-01-30 04:27:16
6,황박연,ㅎㅎㅎㅎㅎㅎㅎㅎㅎ,2023-01-30 04:27:19
7,식스맨TV축구해설,킥오프10분전 돌아옵니다~`,2023-01-30 04:27:23
8,황박연,사람 불러야대~~~^^*,2023-01-30 04:27:29
9,황박연,오늘도 울 민재 기대되는^^*,2023-01-30 04:28:02
10,황박연,민재야 흥민이한테 자극받아서 햇트릭 하자!^^*,2023-01-30 04:28:21
11,황박연,스트리밍 켜고 광고라도 내보내요^^*,2023-01-30 04:29:43
12,식스맨TV축구해설,아무도 안계시니 심심하시죠 ㅎㅎ,2023-01-30 04:30:29
13,식스맨TV축구해설,잠시만 기다려주세요~,2023-01-30 04:30:38
14,황박연,^^*,2023-01-30 04:30:38
15,황박연,아뇨 ,2023-01-30 04:30:40
16,황박연,기대감 가득 합니다^^*,2023-01-30 04:30:47
17,황박연,마당도 깨끗하고 좋은데요^^*,2023-01-30 04:31:00
18,황박연,사람들만 많이 오면 ^^*,2023-01-30 04:31:08
19,황박연,솔직히 나폴리는 한골로 이길까 여러골로 이길까만 고민되는거 같아요^^*,2023-01-30 04:32:05
20,황박연,무리뉴가 놓친 민재^^* 오늘도 지면 무리뉴 꼬라지 낼거 같기도 하고^^*,2023-01-30 04:33:08
21,식스맨TV축구해설,나폴리 선제골만 넣고 무리뉴가 라인만 올려준다면 재밌는 경기가 되겠죠~,2023-01-30 04:34:23
22,황박연,^^*,2023-01-30 04:34:31
23,황박연,오늘 밀란 진거 아시죠?,2023-01-30 04:34:49
24,황박연,사수올로가 원정에서는 밀란한테 너무 강함 ㅎㅎㅎ,2023-01-30 04:35:12
25,식스맨TV축구해설,유벤투스도 망가졌고 이번시즌 우승하기 딱이네요,2023-01-30 04:35:31
26,황박연,하긴 머 그 두팀은 원정만 이기는 팀들임 ㅎㅎㅎ,2023-01-30 04:35:34
27,황박연,유벤투스는 예상밖 패배 ㅎㅎㅎ,2023-01-30 04:35:58
28,황박연,설마 하긴 했는데,2023-01-30 04:36:14
29,황박연,홈에서 한번은 이기겠지 했더니 ㅋㅋㅋ,2023-01-30 04:36:27
30,한동훈,1등,2023-01-30 04:36:40
31,영영,방가요,2023-01-30 04:36:49
32,황박연,1등은 접니다^^*,2023-01-30 04:36:49
33,귀동냥,안녕하세요^^,2023-01-30 04:36:52
34,한동훈,아니네,2023-01-30 04:36:55
35,지천호,:hand-pink-waving:방가여~홧팅,2023-01-30 04:36:55
36,한동훈,2등이다,2023-01-30 04:37:02
37,황박연,사랑하는 지기님들 어서 오시옵소서^^*,2023-01-30 04:37:18
38,귀동냥,오늘도 고생하시네요,2023-01-30 04:37:18
39,한동훈,식스맨님 밤샜어요?,2023-01-30 04:37:27
40,일루왕,안냐심까아아아!!!!,2023-01-30 04:37:27
41,황박연,다들 오시면 좋아요 부터^^*,2023-01-30 04:37:27
42,황박연,울 일루왕님~~~~~~~~~~~~~~~~^^*,2023-01-30 04:37:43
43,어깨동무,반갑습니다...fa컵이지만 손 2골 넘 기뻤다..,2023-01-30 04:37:45
44,빡친코난,안녕하세요 승리가자,2023-01-30 04:37:47
45,일루왕,ㅋㅋㅋㅋㅋ,2023-01-30 04:37:52
46,황박연,겁나 기다리고 있었음^^*,2023-01-30 04:37:57
47,일루왕,황박님~~~~,2023-01-30 04:38:10
48,황박연,일루왕님 좋아요 빨랑 눌러요^^*,2023-01-30 04:38:11
49,김마야📣,안녕하세요~:clapping_hands:,2023-01-30 04:38:13
50,일루왕,동훈님도~~~,2023-01-30 04:38:16
51,기러기날개,안녕하세요 ,2023-01-30 04:38:20
52,황박연,울 김마야님~~~~~~~~~~~~~~~~~^^*,2023-01-30 04:38:21
53,김마야📣,황박연님~:heart_suit:,2023-01-30 04:38:23
54,Iwoo Yi,Hi!,2023-01-30 04:38:24
55,뭐어때,안녕하세요 우승 굳히기 가봅시다,2023-01-30 04:38:24
56,일루왕,감자공주님도 오셨네요~,2023-01-30 04:38:25
57,한동훈,식스맨님 리버풀fa컵 탈락 했습니다,2023-01-30 04:38:26
58,황박연,오시면 좋아요 빨랑 누르기~~~~~~~~~,2023-01-30 04:38:30
59,김마야📣,일루왕님~:heart_suit:,2023-01-30 04:38:32
60,황박연,10여분간 혼자 떠들던중^^*,2023-01-30 04:38:55
61,김마야📣,:yt:구독 :thumbs_up:좋아요 클릭클릭,2023-01-30 04:39:14
62,황박연,메이플 스토리 광고중?^^*,2023-01-30 04:39:22
63,安杰,식스맨 최고!!!!,2023-01-30 04:39:34
64,김마야📣,:yt:구독 :thumbs_up:좋아요 클릭클릭,2023-01-30 04:39:35
65,냥이는 부지런하다,요즘 김민재선수가 골가뭄이라 걱정이 많네요..,2023-01-30 04:39:40
66,김마야📣,:yt:구독 :thumbs_up:좋아요 클릭클릭,2023-01-30 04:39:53
67,일루왕,어제 손흥민의 슛장면으로 맨시티선수들 모여서 인터뷰하는게 있더라구요. 재밌었어요. 그릴리쉬 홀란드도 보고 칭찬하더라구요. ㅎㅎ,2023-01-30 04:39:55
68,황박연,감자공주 = 김마야!^^*,2023-01-30 04:39:55
69,양산메퇘지,리버풀 몰락했네,2023-01-30 04:40:02
70,한동훈,오래만에 나폴리 경기를 보네요,2023-01-30 04:40:08
71,김마야📣,ㅋㅋㅋ,2023-01-30 04:40:11
72,양산메퇘지,슬프네요,2023-01-30 04:40:13
73,황박연,리밥풀이 뭐 그렇죠 뭐 ㅎㅎㅎ,2023-01-30 04:40:20
74,김마야📣,고향이 강원도라고 감자공주라네요 ㅋㅋ,2023-01-30 04:40:35
75,양산메퇘지,골가뭄 ㅋㅋㅋㅋㅋ,2023-01-30 04:40:41
76,황박연,리밥풀이 질꺼라 예상 했었음 ㅎㅎㅎ,2023-01-30 04:40:42
77,황박연,사수올로 승리도 맞추고 ㅎㅎㅎ,2023-01-30 04:40:53
78,황박연,다만 유벤투스가 설마 지겠어? 했는데 유벤까지 ㅋㅋㅋ,2023-01-30 04:41:19
79,한동훈,식스맨님 토트넘 fa컵 우승 할수 있나요?,2023-01-30 04:41:22
80,김마야📣,일루왕:angry_face:,2023-01-30 04:41:22
81,일루왕,절루강,2023-01-30 04:41:32
82,황박연,김마야님 그게 아니고 ,2023-01-30 04:41:45
83,한동훈,나폴리 ㅎㅇㅌ,2023-01-30 04:41:49
84,김마야📣,대장님은 점쟁이가 아녜요 ㅋㅋ,2023-01-30 04:41:58
85,황박연,일상님이 감자 얘기 할때 붙은 별명 아님?ㅎㅎㅎ,2023-01-30 04:42:01
86,rimus P,안녕하세요!,2023-01-30 04:42:11
87,김마야📣,아닌데,2023-01-30 04:42:19
88,일루왕,나폴리 가즈아아아아아아아아아아아!!!!,2023-01-30 04:42:20
89,황박연,요즘 일상님 어디갔음?,2023-01-30 04:42:22
90,유영만,안녕하세요,2023-01-30 04:42:26
91,Percent One,얘넨 무슨 축구를 9시에 함??? ,2023-01-30 04:42:27
92,일루왕,우주의 기운이 모였다아아!!,2023-01-30 04:42:31
93,황박연,일상님도 보고싶은데 ㅎㅎㅎ,2023-01-30 04:42:32
94,황박연,레아언니도 요즘 왜 안옴?,2023-01-30 04:42:45
95,김마야📣,일상님은 일탈중,2023-01-30 04:42:46
96,황박연,슬슬 비너스님 깨우세요^^*,2023-01-30 04:43:09
97,일루왕,우주의 기운을 몰고오는 김민재선수,2023-01-30 04:43:22
98,한동훈,오늘부터 마스크 안써도 돼요,2023-01-30 04:43:25
99,골기퍼#1,안녕하십니까~ 오랜만에 카톡에서 실시간 방송에 방문 하빈다!,2023-01-30 04:43:32
100,골기퍼#1,합니다!,2023-01-30 04:43:35
101,일루왕,원금주렐루야님 어디가셨나요~,2023-01-30 04:43:36
102,김마야📣,오늘은 비너쮸 못오겠쪄?,2023-01-30 04:43:37
103,황박연,민재덕에 나폴리 선수들 몸값다 치솟음 ㅎㅎㅎ,2023-01-30 04:43:40
104,김마야📣,골키퍼님~~:heart_suit:,2023-01-30 04:43:49
105,한동훈,골기퍼님 어서오세요,2023-01-30 04:43:51
106,일루왕,어섭셔 골기퍼님!!,2023-01-30 04:43:53
107,골기퍼#1,마야님~~ 안녕하세요!,2023-01-30 04:44:01
108,황박연,우왕~~~,2023-01-30 04:44:07
109,골기퍼#1,동훈님 안녕하세요!!,2023-01-30 04:44:09
110,황박연,울 골키퍼님~~~~~~~~~~~~~~~~~^^*,2023-01-30 04:44:14
111,골기퍼#1,일루왕님 안녕하세요!,2023-01-30 04:44:15
112,kim 지민,안녕하세용 ~~^^♡,2023-01-30 04:44:18
113,황박연,너무 오랜만이에요^^*,2023-01-30 04:44:20
114,김마야📣,반갑반갑,2023-01-30 04:44:25
115,황박연,울 김지민님~~~~~~~~~~~~~~~~~^^*,2023-01-30 04:44:26
116,골기퍼#1,박연님 오랜만입니다!,2023-01-30 04:44:28
117,일루왕,지민님 크먼 크먼~~~,2023-01-30 04:44:31
118,김마야📣,지민님~:heart_suit:,2023-01-30 04:44:38
119,황박연,울 골키퍼님 겁나 보고싶었음^^*,2023-01-30 04:44:40
120,kim 지민,황박연님 :blue_heart:마야님:blue_heart: 일루왕님:blue_heart::man_gesturing_ok::grinning_face_with_big_eyes:,2023-01-30 04:44:54
121,일루왕,골이 터지지않아도 나폴리는 항상 역동적인 경기를하는팀이라 재미질거라 생각합니다!!,2023-01-30 04:45:06
122,황박연,역시나 울 김지민님은 사랑 스럽죠잉?^^*,2023-01-30 04:45:08
123,일루왕,지루하지 않을거에요!!,2023-01-30 04:45:12
124,김마야📣,:yt:구독 :thumbs_up:좋아요 클릭클릭,2023-01-30 04:45:13
125,골기퍼#1,박연님 저도 보고 싶었습니다!!ㅠㅠ,2023-01-30 04:45:13
126,adios nonino,안녕하세요~ 식스맨님,2023-01-30 04:45:19
127,황박연,^^*,2023-01-30 04:45:19
128,김마야📣,:yt:구독 :thumbs_up:좋아요 클릭클릭,2023-01-30 04:45:19
129,김마야📣,경기전에:yt:구독 :thumbs_up:좋아요 클릭클릭,2023-01-30 04:45:38
130,황박연,다들 좋아요 눌러 주시고 사람 불러야대~~~~~^^*,2023-01-30 04:45:38
131,김마야📣,경기전에:yt:구독 :thumbs_up:좋아요 클릭클릭,2023-01-30 04:45:49
132,일루왕,머리에 동충하초키우는 오시맹선수. .,2023-01-30 04:46:09
133,김마야📣,ㅋㅋㅋㅋ,2023-01-30 04:46:17
134,황박연,ㅎㅎ,2023-01-30 04:46:17
135,나연,안녕하세요 어제 경기 중계 잘 듣고 오늘 또 왔습니다!,2023-01-30 04:46:24
136,일루왕,나연님 어섭셔어어어!!,2023-01-30 04:46:34
137,황박연,오시맨 머리로 술담글까요?ㅎㅎㅎ,2023-01-30 04:46:34
138,김마야📣,:sun_with_face:어서오세요~~,2023-01-30 04:46:35
139,한동훈,전반전 시작합니다,2023-01-30 04:46:44
140,김마야📣,우웩,2023-01-30 04:46:48
141,황박연,나연님 방글^^*,2023-01-30 04:46:59
142,일루왕,민췌킴 커팅!!,2023-01-30 04:47:11
143,일루왕,클리어링이라고하나?,2023-01-30 04:47:21
144,황박연,로마는 오늘 민재 햇트릭에 당할듯^^*,2023-01-30 04:47:34
145,웃기는 세상,안녕하세요,2023-01-30 04:47:50
146,아우구스티노,반가워요. 고생 많으셔요.,2023-01-30 04:47:55
147,gostedkdkdd,안녕하세요 :hugging_face::thumbs_up::hugging_face:,2023-01-30 04:48:11
148,김마야📣,:sun_with_face:어서오세요~~,2023-01-30 04:48:15
149,숫돌,ac밀란 5대2로 깨짐 나폴리 승 하면 우승은 거의 확정,2023-01-30 04:48:21
150,파란세상,왓,2023-01-30 04:48:21
151,정일권,안녕하세요.,2023-01-30 04:48:22
152,파란세상,쌉,2023-01-30 04:48:23
153,황박연,오늘 53점 찍어요^^*,2023-01-30 04:48:32
154,황박연,나폴리는 몇골로 이기느냐가 관건 같음^^*,2023-01-30 04:48:57
155,일루왕,민췌킴 오늘은 헤딩골 하나 가즈아아아!!!!,2023-01-30 04:49:14
156,원금주,안녕하세요!,2023-01-30 04:49:21
157,일루왕,주렐루야 오셨습니다.,2023-01-30 04:49:33
158,kim 지민,원금주님 :blue_heart:,2023-01-30 04:49:35
159,박성진,안녕하세요,2023-01-30 04:49:49
160,원금주,일루왕님 하이 ^^,2023-01-30 04:49:50
161,황박연,울 원금주님~~~~~~~~~~~~~~~~~~~^^*,2023-01-30 04:50:02
162,김마야📣,금주언니~:heart_suit:,2023-01-30 04:50:11
163,원금주,지민님 황박연님도 하이~~,2023-01-30 04:50:18
164,황박연,금주형 조금 늦게 도착^^* 차가 밀렸나봐요^^*,2023-01-30 04:50:21
165,원금주,마야님 방긋~,2023-01-30 04:50:29
166,일루왕,어제 주렐루야가 두번 말씀하시는 흥민이가 두골을 넣었지요. .,2023-01-30 04:50:36
167,황박연,포토언니 언제옴?ㅎㅎㅎ,2023-01-30 04:50:36
168,나연,,2023-01-30 04:50:40
169,나연,혹시 경기 영상은 어디서 볼 수 있나요?,2023-01-30 04:50:59
170,BAN Playlist,안녕하세요!!,2023-01-30 04:51:01
171,김마야📣,박연언니~~,2023-01-30 04:51:01
172,샤프슈터,무리뉴 얼굴 반갑네,2023-01-30 04:51:08
173,kim 지민,토트넘 때 무리뉴가 원했던 김민재...137억원 을 안써서 놓쳤줘 ..,2023-01-30 04:51:15
174,김마야📣,":sun_with_face:""스포티비 온""에서 유료입니다",2023-01-30 04:51:16
175,황박연,라흐마니는 패스에서 일단 질이 민재보다 마니 떨어짐 ㅎㅎㅎ,2023-01-30 04:51:40
176,황박연,네^^*,2023-01-30 04:51:47
177,황박연,맞습니다^^*,2023-01-30 04:52:09
178,냥이는 부지런하다,나폴리 간게.전화위복이죠,2023-01-30 04:52:19
179,나연,감사합니다 ^^ 명품 중계 잘 듣겠습니다!,2023-01-30 04:52:21
180,kim 지민,토트넘은 67억 ㅋㅋㅋ,2023-01-30 04:52:22
181,황박연,경짜 할압쮜 38대손 입니다^^*,2023-01-30 04:52:31
182,김마야📣,:sun_with_face:응원과 후원:yt:구독 :thumbs_up:좋아요 감사합니다,2023-01-30 04:52:34
183,황박연,방촌 할압쮜 19대손 이구요^^*,2023-01-30 04:52:45
184,일루왕,저선수 이전경기에서도 털려서 오늘 이갈고 나왔다더니. .밀리네요. .,2023-01-30 04:52:54
185,원금주,나폴리 홈경기네요!,2023-01-30 04:53:27
186,BAN Playlist,오우 위험했네요,2023-01-30 04:53:36
187,곰돌이,무리뉴명감독님원합니다 그러나 김민재선수가나폴리가승리ㅐ야지요,2023-01-30 04:53:36
188,Mj💫,ㅎㅇ뚜,2023-01-30 04:53:44
189,김마야📣,이갈면 밥은 우째 먹노 ㅋㅋ,2023-01-30 04:53:44
190,일루왕,후이가 얼리크로스가 아주 좋은선수지요. 근데 백업이 너무 느림. .ㅠㅠ,2023-01-30 04:54:08
191,kim 지민,잇몸,2023-01-30 04:54:14
192,명희 오,아 인제 보이네. ㅠㅠ오늘슨 안하는줄. 알만찾아도. ㅠㅠ,2023-01-30 04:54:20
193,김마야📣,ㅋㅋㅋ,2023-01-30 04:54:22
194,냥이는 부지런하다,몇일 저누터키 입국하는데 여권심사관 주구장창 민재 얘기만.. 뿌듯했습니다 ㅋ,2023-01-30 04:54:48
195,김마야📣,:yt:구독 :thumbs_up:좋아요 클릭클릭,2023-01-30 04:54:53
196,명희 오,아. ᆢ 죄송,2023-01-30 04:55:05
197,일루왕,어우 백패스위험한거보소,2023-01-30 04:55:21
198,일루왕,조아요조아요!!!,2023-01-30 04:55:39
199,김마야📣,:yt:구독 :thumbs_up:좋아요 클릭클릭,2023-01-30 04:55:53
200,황박연,나폴리 얘덜이 위풍 당당하게 보이네 ㅎㅎㅎ,2023-01-30 04:55:58
201,황박연,민재덕이지 뭐야^^*,2023-01-30 04:56:04
202,kim 지민,경고조심 ..민재님:hand_with_fingers_splayed::folded_hands:,2023-01-30 04:56:15
203,정재헌,헤딩한골 넣을때 됐는디,2023-01-30 04:56:25
204,황박연,차라리 오늘 경고 받으면 다음 경기 쉴수 있음^^*,2023-01-30 04:56:47
205,황박연,다음부터는 약팀들이라서^^*,2023-01-30 04:57:01
206,일루왕,저렇게 보이는패스를하다니. .앙귀사 오늘 별루양,2023-01-30 04:57:10
207,kim 지민,"페네르바체 1골, 나폴리 2골 다음 팀에서 3골 넣을껄요 ㅋㅋ ㅋ",2023-01-30 04:57:13
208,황박연,^^*,2023-01-30 04:57:23
209,효재,오 자책골나올뻔,2023-01-30 04:57:30
210,황박연,이상한 골 들어갈뻔 ㅎㅎㅎ,2023-01-30 04:57:39
211,BAN Playlist,오ㅠㅠㅠㅠ 휴,2023-01-30 04:57:42
212,아우구스티노,밤 열시 어제는 손 골 나왔는 데 못들어 너무 아쉬워요.,2023-01-30 04:57:43
213,BAN Playlist,클날뻔,2023-01-30 04:57:46
214,일루왕,와 이렇게 헤딩골을 넣으려한다고?,2023-01-30 04:57:46
215,일루왕,이건 예측못했다. .,2023-01-30 04:57:56
216,김마야📣,ㅋㅋㅋ,2023-01-30 04:57:56
217,원금주,ㅎㅎ,2023-01-30 04:58:04
218,황박연,민재 자책골 될뻔^^*,2023-01-30 04:58:04
219,냥이는 부지런하다,골 넣으라니까 이런식으로?,2023-01-30 04:58:04
220,Piter OH,새벽작업중에 오랜만에 식스맨님 해설을듣슴다.유후훙,2023-01-30 04:58:15
221,셀프 국제결혼하기,민재야 ㅋ,2023-01-30 04:58:18
222,일루왕,어섭셔!!,2023-01-30 04:58:19
223,명희 오,미친다 ㅠㅠ.,2023-01-30 04:58:21
224,김마야📣,:sun_with_face:어서오세요~~,2023-01-30 04:58:24
225,kim 지민,골키퍼가 안건들였으면 헤딩한 골이 뒤로 안갔을것 같은데,2023-01-30 04:58:32
226,황박연,민재도 골맛을 좀 보고 싶으니까~~^^*,2023-01-30 04:58:32
227,김마야📣,민재 웃긴다,2023-01-30 04:58:35
228,일루왕,이건 메렛 키퍼 판단이 아쉬운것,2023-01-30 04:58:44
229,명희 오,거기다 넣으면 안되 민제야ㅡㅡ,2023-01-30 04:58:53
230,강성훈,ㅎㅇ,2023-01-30 04:58:53
231,강성훈,굿 머닝,2023-01-30 04:58:56
232,일루왕,메렛 이미 늦어서 나오면 안되는상황이었는것같은디,2023-01-30 04:59:00
233,김마야📣,소통해야지,2023-01-30 04:59:16
234,일루왕,아아 까비 오시맹,2023-01-30 04:59:27
235,일루왕,ㅋㅋ 로마선수 버럭 하는거보소,2023-01-30 04:59:46
236,김마야📣,준헌님 편하신대로~~~,2023-01-30 04:59:55
237,kim 지민,김준헌 님:blue_heart:힘내세요..:man_gesturing_ok: 울고싶을땐 실컷우세요..그것도 속 시원해짐. .이또한 지나갈거여요,2023-01-30 05:00:03
238,Gold Rose,방학이어서 좀 여유로우신건가용?,2023-01-30 05:00:12
239,일루왕,오늘 로마 분위기가 좀더 좋아보이긴하네요. 흐름좀 가져와야하겠는데,2023-01-30 05:00:13
240,색소폰과함께(제천),안녕하세요~~~~~~ㅋㅋ 두시간 잠들었다 깼네요ㅋㅋ,2023-01-30 05:00:36
241,Gold Rose,아...,2023-01-30 05:00:39
242,kim 지민,색소폰님:blue_heart:,2023-01-30 05:00:48
243,김마야📣,색소폰님~:heart_suit:,2023-01-30 05:00:54
244,재원,안녕하세요 식스맨님,2023-01-30 05:00:57
245,황박연,로마 얘 하나 굴려버림 ㅎㅎㅎ,2023-01-30 05:00:58
246,일루왕,나온다나온다 나폴리빌드업,2023-01-30 05:01:01
247,BAN Playlist,오늘 좀 안맞나보네요 나폴리,2023-01-30 05:01:07
248,제이에스수산,안녕하세요 ^^,2023-01-30 05:01:11
249,황박연,확실히 나폴리 경기는 지루한 맛이 없어^^*,2023-01-30 05:01:12
250,색소폰과함께(제천),지민님~~~~~~^^,2023-01-30 05:01:19
251,색소폰과함께(제천),마야님~~~~~~^^,2023-01-30 05:01:24
252,황박연,경기가 아주 빠르게 진행 됨^^*,2023-01-30 05:01:25
253,김마야📣,:sun_with_face:어서오세요~~,2023-01-30 05:01:34
254,스,안녕하세요 스님 입니다,2023-01-30 05:01:34
255,재원,왜 이름이 식스맨인가요??,2023-01-30 05:01:40
256,kim 지민,색소폰님:blue_heart: 기다렸쥬~~,2023-01-30 05:01:45
257,일루왕,어섭셔 색소폰님~,2023-01-30 05:01:49
258,김미순,김민재선수 뉴캐슬로 이적한다고,2023-01-30 05:01:50
259,김마야📣,:sun_with_face:성이 육씨라서 식스맨=초등체육교사=카스광고 목소리출연,2023-01-30 05:01:51
260,곰돌이,나폴리한꼴가자 김민재,2023-01-30 05:01:54
261,색소폰과함께(제천),일뢍님도 안녕하세유ㅎ,2023-01-30 05:02:05
262,김미순,하던데 이적하는게 맛나요,2023-01-30 05:02:24
263,BAN Playlist,우와 대박 ㅋㅋㅌㅋㅋㅋㅋㅋㅋㅋㅋㅋㅋ,2023-01-30 05:02:30
264,효재,와,2023-01-30 05:02:31
265,kim 지민,골:clapping_hands::clapping_hands::clapping_hands::clapping_hands:,2023-01-30 05:02:32
266,색소폰과함께(제천),역시 지민님~^^,2023-01-30 05:02:33
267,황박연,그동안의 나폴리 설움이 올시즌 민재덕에 전부 해소 될듯^^*,2023-01-30 05:02:36
268,BAN Playlist,와..!ㅋㅋㅌㅋㅋㅋㅋㅋ골골,2023-01-30 05:02:37
269,효재,대박 발리슛,2023-01-30 05:02:39
270,한동훈,골,2023-01-30 05:02:41
271,백수건달,와...,2023-01-30 05:02:44
272,rimus P,골!,2023-01-30 05:02:47
273,Gold Rose,역시,2023-01-30 05:02:49
274,황박연,나폴리 바르던 팀들 전부 나가 떨어짐 ㅎㅎㅎ,2023-01-30 05:02:51
275,황박연,골 참 쉽죠잉~~ㅎㅎㅎ,2023-01-30 05:03:01
276,아우구스티노,저는 잠비아에서 혼자 생활해서 이 시간이 한국 말을 가장 많이 듣는 시간 입니다. 가장 행복한 시간,2023-01-30 05:03:03
277,색소폰과함께(제천),오늘 대장님 목소리가 더욱 청명하십니다~~ ㅎㅎ,2023-01-30 05:03:07
278,김기섭,참 빠르게 골 늦네요,2023-01-30 05:03:09
279,셀프 국제결혼하기,민재 와이프 전나 이뻐,2023-01-30 05:03:11
280,JH SUH,일루왕님? 반대말은 저리강 ?,2023-01-30 05:03:16
281,원금주,대단하네요 오시맨!,2023-01-30 05:03:16
282,kim 지민,그물이 찢어질듯 차버리네~~~:clapping_hands::right_arrow:,2023-01-30 05:03:27
283,황박연,오시먄 완전 훈련처럼 ㅎㅎㅎ,2023-01-30 05:03:31
284,황박연,오시맨 2천억짜리래요^^*,2023-01-30 05:03:43
285,늘그래,대장내시경 검사라 약먹는중,2023-01-30 05:03:50
286,황박연,민재덕에 몸값 폭등!,2023-01-30 05:03:55
287,최상환,안녕하세요 늦었네요 :face_with_tears_of_joy:,2023-01-30 05:04:01
288,kim 지민,단주마 고향 나이지리아..~~,2023-01-30 05:04:06
289,색소폰과함께(제천),ㅋㅑ~~~~ 오시맨 ㅎㅎ,2023-01-30 05:04:15
290,kim 지민,오시멘도 알라신믿나??,2023-01-30 05:04:19
291,김미순,목소리가 참 좋네요,2023-01-30 05:04:20
292,환율,으 그약 끔찍한데,2023-01-30 05:04:22
293,미남 샬랴,자다가 왔는데 이기고있네요,2023-01-30 05:04:25
294,황박연,아마도 그럴듯요^^*,2023-01-30 05:04:29
295,kim 지민,단주마 알라신 믿던데 ~~~,2023-01-30 05:04:31
296,황박연,그쪽 얘덜은 전부 알라 믿으니까^^*,2023-01-30 05:04:43
297,Gideon Song,목소리의 매직으로 다시 ㄷ. ㄹ어와 만납니다. 조지아 그루지아에서도,2023-01-30 05:04:50
298,jackson,수비가 든든하니까 공격을 망놓고 하는 나폴리.,2023-01-30 05:04:54
299,BAN Playlist,와 나폴리 압박이 심하네요,2023-01-30 05:04:55
300,아우구스티노,:hand-pink-waving::hand-pink-waving::hand-pink-waving::hand-pink-waving:,2023-01-30 05:05:04
301,김마야📣,:sun_with_face:응원과 후원:yt:구독 :thumbs_up:좋아요 감사합니다,2023-01-30 05:05:09
302,원금주,업비트 한국업체같은데 나폴리 후원하네요! 김민재 때문인가?,2023-01-30 05:05:15
303,아쫌,오시맨은 골에대한집중력과 골을넣겟다는 의지가 눈에보임 대단함,2023-01-30 05:05:18
304,kim 지민,같은 나이지리아니.혹시 같을수도 있겠네요,2023-01-30 05:05:24
305,최상환,마야님 도안뇽하세요 :rolling_on_the_floor_laughing:,2023-01-30 05:05:25
306,일루왕,아 뭐야,2023-01-30 05:05:26
307,황박연,나폴리 얘덜은 패스도 아주 잘하죠^^*,2023-01-30 05:05:30
308,색소폰과함께(제천),믿고보는 나폴리ㅋ ㅎㅎ,2023-01-30 05:05:33
309,Ki Choi,벌써 골이 났네요 식스맨 화이팅,2023-01-30 05:05:35
310,황박연,질적으로 달라^^*,2023-01-30 05:05:38
311,김마야📣,최상환님~:heart_suit:,2023-01-30 05:05:40
312,일루왕,아 뭐야아아아아아 잠시 딜리버리와서 체킹하는사이에 골을 넣었다니!!!,2023-01-30 05:05:43
313,김마야📣,:collision:골:right_arrow:오시멘,2023-01-30 05:05:52
314,김미순,김민재선수 뉴캐슬로 이적한다는 말이 있던데 사실인가요,2023-01-30 05:05:58
315,Gold Rose,나폴리가 현 유럽 클럽 중에 가장 잘 하는 팀인거 같습니다,2023-01-30 05:06:05
316,황박연,최소 3점승은 될듯^^*,2023-01-30 05:06:06
317,Joseph,안녕하세요 식스맨님,2023-01-30 05:06:11
318,일루왕,OTL,2023-01-30 05:06:14
319,일루왕,아 크바라. .길다,2023-01-30 05:06:41
320,BAN Playlist,나이스 김민재ㅐ,2023-01-30 05:06:43
321,일루왕,민재컷,2023-01-30 05:06:49
322,kim 지민,나폴리 16승 2무 1패 50점 (1위 ) .AS로마 11승 4무 4패 37점 (6위),2023-01-30 05:06:50
323,김마야📣,:collision:골:right_arrow:오시멘,2023-01-30 05:07:13
324,Majong,@kim 지민 님 감사합니다.^^b,2023-01-30 05:07:13
325,JOB BAP,2위-6위 다툼이 치열할 듯,2023-01-30 05:07:36
326,일루왕,캬 나가나했는데 절묘했구만,2023-01-30 05:07:38
327,kim 지민,나폴리는 점수 승패를 떠나 진짜 열심히 뛰고 투지 열정이 있어 너무 좋음 ~:clapping_hands:,2023-01-30 05:07:50
328,일루왕,와우,2023-01-30 05:07:57
329,황박연,홈런~,2023-01-30 05:08:00
330,BAN Playlist,오시멘 센스좋네오,2023-01-30 05:08:07
331,일루왕,와 이렇게 너은거구나,2023-01-30 05:08:14
332,jackson,오시맨은 부시맨과 친척인가쇼,2023-01-30 05:08:14
333,일루왕,오시맹 폼 미쳤다,2023-01-30 05:08:25
334,황박연,무리뉴 은근히 민재 숟가락에 얹음^^*,2023-01-30 05:08:28
335,건강한_워리홍,부시맨은 누구에요?,2023-01-30 05:08:35
336,원금주,ㅎㅎ,2023-01-30 05:08:38
337,황박연,토트넘에서 민재 영입 해주라 했는데 레비가 안해줬다는 ㅎㅎㅎ,2023-01-30 05:08:54
338,원금주,부시맨 브레드 생각나는데? ^^,2023-01-30 05:08:54
339,색소폰과함께(제천),ㅋㅋㅋㅋㅋㅋㅋ 부시맨ㅋㅋㅋㅋㅋ,2023-01-30 05:08:55
340,JH SUH,민재야...한골 더 넣어라..주급 올라간다 ㅎ,2023-01-30 05:09:01
341,일루왕,부시맨이 누구죠?,2023-01-30 05:09:02
342,김마야📣,자다깬사람 부시맨,2023-01-30 05:09:04
343,환율,코카콜라 한사발 해야겠다,2023-01-30 05:09:06
344,일루왕,부시대통령인가요?,2023-01-30 05:09:13
345,최상환,나폴리 는 패스가넘잘되요,2023-01-30 05:09:18
346,황박연,나폴리는 확실히 전진패스가 기본^^*,2023-01-30 05:09:56
347,일루왕,아 진짜 나폴리 패스는 너무 효율적이다.,2023-01-30 05:09:59
348,BAN Playlist,역시 김민재ㅐ!!,2023-01-30 05:10:12
349,일루왕,하지만 민재가가쥬?,2023-01-30 05:10:13
350,jackson,민재가 다 막아주네ㅅㅇㅎ,2023-01-30 05:10:13
351,일루왕,냅다 차버리네,2023-01-30 05:10:45
352,김마야📣,준헌님 이제 뚝~~,2023-01-30 05:10:51
353,황박연,토트넘 전반 볼 시간이면 나폴리는 전후반 다보는듯^^*,2023-01-30 05:10:59
354,일루왕,와 진짜 오시맹. .,2023-01-30 05:11:00
355,양산메퇘지,민재 때문에 공간침투도 안 되네,2023-01-30 05:11:04
356,이은옥,반갑습니다,2023-01-30 05:11:16
357,Gold Rose,오시멘 몇 살인가요?,2023-01-30 05:11:22
358,셀프 국제결혼하기,디발라 도 잘한대매,2023-01-30 05:11:24
359,Kim수연,안녕하세요ㅎ 오늘도감사합니다,2023-01-30 05:11:30
360,황박연,오시맨 민재형한테 자꾸 물어봄^^*,2023-01-30 05:11:36
361,색소폰과함께(제천),역시 민재ㅎㅎㅎㅎ,2023-01-30 05:11:40
362,kim 지민,"무리뉴 왈,, 디발라가 젤 강하다~~ 노노:thumbs_down: 민재가 막을거임",2023-01-30 05:11:44
363,김마야📣,98년생,2023-01-30 05:11:48
364,이은옥,내이름불러쥐,2023-01-30 05:12:01
365,색소폰과함께(제천),부럽네요 24살ㅠㅠ,2023-01-30 05:12:05
366,일루왕,이은욱님 제가 대신불러드림,2023-01-30 05:12:13
367,나연,후원도 처음이고 해외축구도 처음 찾아보는데 식스맨님 편파중계 너무 재밌네요ㅋㅋㅋ 식스맨 화이팅!!,2023-01-30 05:12:55
368,김마야📣,옥인데,2023-01-30 05:13:00
369,황박연,김준헌님 이또한 지나 가리라 라는 말과 함께^^*,2023-01-30 05:13:00
370,일루왕,아,2023-01-30 05:13:06
371,김마야📣,:sun_with_face:응원과 후원:yt:구독 :thumbs_up:좋아요 감사합니다,2023-01-30 05:13:10
372,일루왕,실수를,2023-01-30 05:13:10
373,kim 지민,일루왕님:blue_heart: ㅎㅎ,2023-01-30 05:13:21
374,김마야📣,손꾸락 살빼요 ㅋㅋ,2023-01-30 05:13:30
375,색소폰과함께(제천),ㅋㅋㅋㅋㅋ,2023-01-30 05:13:37
376,일루왕,힘내소 준헌님!!!,2023-01-30 05:13:43
377,와쪄염,안녕하세요~^^,2023-01-30 05:13:46
378,황박연,김준헌님 힘내세요^^*,2023-01-30 05:13:57
379,JH SUH,화이팅~,2023-01-30 05:13:57
380,김마야📣,:sun_with_face:어서오세요~~,2023-01-30 05:13:58
381,양산메퇘지,조직력이 너무 좋아요,2023-01-30 05:14:24
382,kim 지민,일루왕님:blue_heart:괜찮아요~ 전 자매결연을 자매결혼 이라한적있음요,2023-01-30 05:14:33
383,색소폰과함께(제천),오늘 평소보다 늦게 출근해도되는 날인데.. 이 경기보고 일찍 나가야겠네요ㅠㅠ ㅋㅋㅋㅋ,2023-01-30 05:14:36
384,일루왕,전반끝나기전에 한골 더가자!!!!,2023-01-30 05:14:36
385,cai cheng Han,역시 해설은 6MAN TV / 새벽에도 해설 감사합니다^^,2023-01-30 05:14:45
386,일루왕,자매결혼. .ㅋㅋㅋㅋㅋㅋㅋㅋㅋㅋㅋㅋ,2023-01-30 05:14:49
387,이은옥,이내이름불러쥐서오늘하루가대박날거갇은느김,2023-01-30 05:14:51
388,김마야📣,곰국에 밥말아서 김치 올려 드세요. 힘나게~~,2023-01-30 05:14:54
389,양산메퇘지,토트넘도 저렇게 조직력이 좋았으면,2023-01-30 05:15:01
390,cai cheng Han,한차이청 입니다^^,2023-01-30 05:15:16
391,일루왕,아 곰국땡겨. .,2023-01-30 05:15:19
392,와쪄염,저는 이미 일하면서 듣고 있지요~ㅋ,2023-01-30 05:15:33
393,색소폰과함께(제천),아 라면 땡겨... ㅠ,2023-01-30 05:15:35
394,일루왕,민재 클리어링!!,2023-01-30 05:15:38
395,황박연,나폴리 상대로 공중볼은 어림없지~~^^*,2023-01-30 05:15:39
396,색소폰과함께(제천),모든악기는 ㅋ 쉬운거없고 어려운거없습니다ㅋㅋ,2023-01-30 05:16:08
397,kim 지민,오징어회 땡겨요 ~~,2023-01-30 05:16:09
398,황박연,오마이갓 오징어 회^^*,2023-01-30 05:16:23
399,황박연,나도 먹고 싶으당^^*,2023-01-30 05:16:29
400,색소폰과함께(제천),뭐든 생각났을때 시작을하시는게 ㅎㅎ,2023-01-30 05:16:42
401,김마야📣,난방어 ㅋㅋ,2023-01-30 05:16:45
402,황박연,ㅎㅎㅎ,2023-01-30 05:16:50
403,아침햇살,와 우리집에는 안나오노,2023-01-30 05:16:56
404,색소폰과함께(제천),오징어회..... ...,2023-01-30 05:16:57
405,귀동냥,전 일하면서 야식시간이라 누룽지먹고있는데 추울때 맛나요 뜨뜻하니~,2023-01-30 05:16:58
406,황박연,반방을 먹는다고요?ㅎㅎㅎ,2023-01-30 05:16:58
407,일루왕,뭐야 갑자기 안주릴레이. .,2023-01-30 05:16:59
408,Sonny Lee,김준헌님 무슨일인지,2023-01-30 05:17:02
409,JH SUH,라면먹고 갈래? 흐흐,2023-01-30 05:17:03
410,황박연,난방을?,2023-01-30 05:17:04
411,아침햇살,어느채널에서 하노,2023-01-30 05:17:08
412,이은옥,식스맨중계가정말최고인정,2023-01-30 05:17:09
413,김마야📣,ㅋㅋㅋㅋㅋ,2023-01-30 05:17:14
414,신호영,안녕 하세요,2023-01-30 05:17:18
415,young park,어제 쏘니 2골 예상 적중했습니다,2023-01-30 05:17:22
416,황박연,난방은 따뜻한거임 못먹는거에요^^*,2023-01-30 05:17:34
417,일루왕,대방어는 별로 안땡기시는지 바로넘어가는 식스맨님. .ㅋㅋ,2023-01-30 05:17:42
418,아침햇살,ㅋㅋㅋㅋ,2023-01-30 05:17:45
419,kim 지민,"먹고싶다고 했는데, 이미 먹고있어야할 마야님",2023-01-30 05:18:04
420,아침햇살,김민재는 대한민국 보물이다,2023-01-30 05:18:11
421,young park,민재 평점 8.6봅니다 ~~,2023-01-30 05:18:18
422,황박연,김준헌님 팔이 부러졌는데 쳇?ㅎㅎㅎ,2023-01-30 05:18:20
423,황박연,머 다 나았구만 ㅎㅎㅎ,2023-01-30 05:18:28
424,아침햇살,김민재 대한민국 축구역사상 최고가 될지 모르겟다,2023-01-30 05:18:36
425,일루왕,벌써 평점을ㅇㅅ? ㅎㅎ,2023-01-30 05:18:38
426,kim 지민,사고나셨나보네 ㅠ,2023-01-30 05:18:54
427,일루왕,세리아는 8.6이면 어엄청 높은 점수죠. .ㅎㅎ,2023-01-30 05:19:03
428,와쪄염,방송오니 이미 이기고 있고..불안한게없네..ㅋ,2023-01-30 05:19:09
429,일루왕,저는 7.4!!!!,2023-01-30 05:19:15
430,색소폰과함께(제천),준헌님 언능 나아지시길...^^,2023-01-30 05:19:16
431,황박연,슬퍼서 우는거 보단 아파서 우는게 나은데 다 나았으면 울지말아야죠^^*,2023-01-30 05:19:22
432,일루왕,어. 이건 심한데,2023-01-30 05:19:34
433,양산메퇘지,아이고,2023-01-30 05:19:36
434,색소폰과함께(제천),안되ㅠㅠ 페리시치말고는 아무도 다치면 ㅜㅜ,2023-01-30 05:19:53
435,JH SUH,아프겠다 ㅜㅜ,2023-01-30 05:19:53
436,kim 지민,액땜 했다고 생각하세요...,2023-01-30 05:19:54
437,BAN Playlist,헐 로보트카 안돼ㅐ..,2023-01-30 05:19:59
438,일루왕,달리는발과 겹쳐서 충격 심했겠는데이건. .,2023-01-30 05:20:00
439,jackson,복숭아뼈 나가면 병원에서 3개월 치료 해야된다,2023-01-30 05:20:14
440,황박연,이탈리아 축구는 완전히 나폴리에 발리는중^^*,2023-01-30 05:20:20
441,BAN Playlist,ㅋㅋㅌㅋㅌㅋㅋㅋㅋㅌㅋㅋ재밌네요,2023-01-30 05:20:32
442,양산메퇘지,민재랑 소니랑 붙으면 누가 이길까요?,2023-01-30 05:20:46
443,귀동냥,민재요,2023-01-30 05:20:57
444,색소폰과함께(제천),오시맨 싱싱하네 항상ㅎㅎ,2023-01-30 05:21:09
445,황박연,확실히 움직임이나 패스가 나폴리가 쎄^^*,2023-01-30 05:21:10
446,일루왕,소니가 약간 빠르긴한데 민재가 흥민이 공받기전에 차단할듯,2023-01-30 05:21:25
447,BAN Playlist,로보트카 괜찮아보이네요 다행히,2023-01-30 05:21:27
448,귀동냥,경기중에도 쏜한테 소리치는 민재라서,2023-01-30 05:21:31
449,김마야📣,나폴리:clapping_hands::clapping_hands::clapping_hands:,2023-01-30 05:21:38
450,jackson,제팔이라는 선수가 있는줄 알았네요 ㅋㅋ,2023-01-30 05:21:39
451,일루왕,네 준헌님 어제 흥민이가 멀티 넣었어요,2023-01-30 05:21:45
452,황박연,우린 흥민이 골 다 봤어요^^*,2023-01-30 05:21:45
453,일루왕,대단했습니다.,2023-01-30 05:21:49
454,천둥번개,쏘니와 민재를 그렇게 말하는 건 좀..,2023-01-30 05:21:55
455,카쌤의종이접기NJ_origami,"식스맨님, 오늘도 수고하시네요~ ^^",2023-01-30 05:21:57
456,김마야📣,나폴리 이겨라~~,2023-01-30 05:22:05
457,JH SUH,강인 민재 흥민이가 한팀에서 뛰면 좋겠다...,2023-01-30 05:22:21
458,황박연,우린 실시간으로^^*,2023-01-30 05:22:23
459,죤데이비드,김민재 빅클럽 어느 팀에 가더라도 선발 주전 가능할까요?,2023-01-30 05:22:24
460,색소폰과함께(제천),나폴리 한골 더~~~~~~~~~~~~~~,2023-01-30 05:22:24
461,김마야📣,나폴리 이겨라:clapping_hands::clapping_hands::clapping_hands:,2023-01-30 05:22:25
462,카쌤의종이접기NJ_origami,'좋아요' 꿀성대 귀호감 방송~,2023-01-30 05:22:28
463,jy,민재는 잘 풀린케이스 강인이는 아닌데,2023-01-30 05:22:31
464,김마야📣,나폴리:clapping_hands::clapping_hands::clapping_hands:,2023-01-30 05:22:39
465,jackson,오늘 로마는 나폴리의 수비를 뚫기가 쉽지 않겠어요.,2023-01-30 05:22:43
466,jackson,민재 한골 막았다,2023-01-30 05:23:07
467,일루왕,와 민재 큰거막았다,2023-01-30 05:23:13
468,샤프슈터,김민재 방어,2023-01-30 05:23:15
469,황박연,역시 민재가 막네^^*,2023-01-30 05:23:17
470,김마야📣,민재:clapping_hands::clapping_hands::clapping_hands:,2023-01-30 05:23:20
471,색소폰과함께(제천),민재 슈페세이브,2023-01-30 05:23:25
472,황박연,키퍼는 민재덕 젤 많이 봄^^*,2023-01-30 05:23:38
473,이봉수,이 사간 1400명 시청이면 injury 때 만명되랏!,2023-01-30 05:23:46
474,색소폰과함께(제천),메시라면... 하니까 다시 라면먹고싶자나요ㅋㅋㅋㅋ,2023-01-30 05:23:55
475,황박연,민재의 저 빌드업 패스 ㅎㅎㅎ,2023-01-30 05:23:58
476,황박연,언제 저위치냐고^^*,2023-01-30 05:24:10
477,일루왕,와우,2023-01-30 05:24:11
478,색소폰과함께(제천),오시맨 한골 더~~~~~~~~,2023-01-30 05:24:12
479,김종길김종길,김민재~화이팅! 나폴리 이겨라~,2023-01-30 05:24:17
480,일루왕,어우 완전아깝다,2023-01-30 05:24:19
481,양산메퇘지,와 재밌다,2023-01-30 05:24:25
482,천둥번개,최강 EPL에서 득점왕을 했던 손흥민은 EPL 수비수들이 부족해서였을까요.. ,2023-01-30 05:24:27
483,귀동냥,축구로는 모르겠는데 호통으로는 민재 승,2023-01-30 05:24:29
484,전기태,빠르네!,2023-01-30 05:24:37
485,황박연,종횡무진 울 민재^^*,2023-01-30 05:24:45
486,냥이는 부지런하다,방그 공격시점 나폴리 수비수 누구였죠?,2023-01-30 05:24:45
487,Gold Rose,식스맨님 발성 연습 하신적 있나요?,2023-01-30 05:24:46
488,jackson,나폴리가 닭집보다는 잘하는거 같네요,2023-01-30 05:24:49
489,양산메퇘지,민재가 사람 잡네,2023-01-30 05:24:59
490,일루왕,민재 들어가라고!! vs. 흥민 돌아가라고!!!!,2023-01-30 05:25:07
491,Gold Rose,"현재 나폴리면 레알, 파리, 아스널, 맨시티, 뮌헨 같은 팀이랑 해도 다 이길거 같네요",2023-01-30 05:25:27
492,소드,식스맨님 안녕하세요! ,2023-01-30 05:25:38
493,곰돌이,민재파이팅,2023-01-30 05:25:45
494,일루왕,치킨파인 저는 인정못하겠네요,2023-01-30 05:25:46
495,kim 지민,무리뉴와 은돔의 만남 ㅋ,2023-01-30 05:25:50
496,황박연,오시맨 이름도 몰랐는데 민재덕에 오시맨 이름도 알게됨 ㅎㅎㅎ,2023-01-30 05:25:55
497,색소폰과함께(제천),무리뉴 꿈에 김민재 등장!!!,2023-01-30 05:25:56
498,일루왕,대한민국은 치킨이죠,2023-01-30 05:26:01
499,jy,중계 굿~~,2023-01-30 05:26:02
500,황박연,은돔이 얼마나 겁날꼬?ㅎㅎㅎ,2023-01-30 05:26:18
501,일루왕,아. .토트넘과 나폴리바교하신거구나,2023-01-30 05:26:27
502,jackson,민재 빠지고 2부팀한테 발렸어요,2023-01-30 05:26:30
503,황박연,리뉴사붐~~~^^*,2023-01-30 05:26:31
504,비둘기,그러고 보니깐. 은돔이랑 무리뉴랑 같이 있네ㄷ,2023-01-30 05:26:32
505,일루왕,아. .나 이렇게 센스없었다고. .,2023-01-30 05:26:39
506,david ,ㅎㅎㅎ치킨은 요즘 보는 재미가 지쳐요,2023-01-30 05:26:44
507,귀동냥,아 일하고있는데 피자땡기네요,2023-01-30 05:27:00
508,황박연,어제는 그래도 치킨 볼만 했지머에요^^*,2023-01-30 05:27:06
509,일루왕,나. .나도그럼 피짜. .,2023-01-30 05:27:10
510,jy,치킨 집에서 튀겨먹어요,2023-01-30 05:27:23
511,귀동냥,아침에 퇴근하고 묵어야하나,2023-01-30 05:27:23
512,전기태,치킨 피짜 둘 다!,2023-01-30 05:27:24
513,황박연,오랜만에 치킨 즐겁게 봤구만^^*,2023-01-30 05:27:28
514,일루왕,우리 오시맹은안된다.,2023-01-30 05:27:29
515,라이코스,오늘도 화이팅,2023-01-30 05:27:30
516,BAN Playlist,헐 팔 밟혔네요,2023-01-30 05:27:32
517,귀동냥,전 밤에만 일해요 ㅋㅋ,2023-01-30 05:27:42
518,kim 지민,민재 커버굿:thumbs_up:,2023-01-30 05:27:46
519,일루왕,어우 김민재 엄마될뻔했었네. .,2023-01-30 05:27:50
520,김마야📣,:sun_with_face:응원과 후원:yt:구독 :thumbs_up:좋아요 감사합니다,2023-01-30 05:27:57
521,효재,골절이면 ..,2023-01-30 05:27:58
522,날아라강지,반다이크 대 김민재 누가 더잘할까요?,2023-01-30 05:28:00
523,황박연,디발라의 사계 생각만 나는군 ㅎㅎㅎ,2023-01-30 05:28:05
524,전범기 👎반대,[좋 아 요] 깜빡하신 형님언니들~ 체크체크~[좋 아 요] 깜빡하신 형님언니들~ 체크체크~,2023-01-30 05:28:12
525,양산메퇘지,은돔이가 안 나왔군요,2023-01-30 05:28:20
526,김종길김종길,토트넘~쏘니 멀티골~화이팅~~~,2023-01-30 05:28:27
527,김마야📣,은돔벤치,2023-01-30 05:28:34
528,kim 지민,황박연님:blue_heart:사계면 태연,2023-01-30 05:28:39
529,anonymous,손목 나갔네,2023-01-30 05:28:42
530,일루왕,김민재 몸통방어때 조금만 몸 덜돌렸으면 엄마될뻔. .,2023-01-30 05:28:54
531,원금주,골리니가 저기에?,2023-01-30 05:29:18
532,황박연,난 클래식 음악 얘기 했음^^*,2023-01-30 05:29:19
533,귀동냥,언니 인지는 모르겠지만 좋아요 했어요,2023-01-30 05:29:25
534,kim 지민,골리니 나폴리 임대 갔어요:check_mark:,2023-01-30 05:29:41
535,anonymous,진짜 골리니가 왜?,2023-01-30 05:29:43
536,황박연,ㅎㅎㅎ,2023-01-30 05:29:47
537,원금주,아하~,2023-01-30 05:29:51
538,일루왕,카. .진짜 나폴리 필사적으로 막고 필사적으로 공격하고,2023-01-30 05:29:51
539,천둥번개,창과 방패 = 모순 = 손흥민과 김민재 경기가 있더라도.. 쏘니와 민재가 혼자 하는 게 아니기에.. 비교불가,2023-01-30 05:29:53
540,일루왕,모든선수가 저렇게 열정적으로 뛰어준다.,2023-01-30 05:30:06
541,황박연,나폴리는 은도미랑 리니랑 다 데려갔음 ㅎㅎㅎ,2023-01-30 05:30:07
542,김마야📣,골리니는 여기저기 임대 ㅠㅠ,2023-01-30 05:30:17
543,jackson,1500분중 좋아요 안누른분이 1340분입니다. 5분뒤에 꾹 눌러주세요..,2023-01-30 05:30:22
544,명희 오,부상 위험없는거도 있어요. 바둑 ㅋ,2023-01-30 05:30:34
545,김종길김종길,나폴리 추가 1골 더~넣어라 여유있게 승°°°,2023-01-30 05:30:34
546,병준 황,안녕하세요,2023-01-30 05:30:39
547,전기태,빠르고 강하네,2023-01-30 05:30:52
548,김마야📣,바둑은 머리부상 ㅋㅋ,2023-01-30 05:30:54
549,효재,아깝다,2023-01-30 05:30:55
550,jackson,오시맨 죽이네 해더,2023-01-30 05:30:56
551,병준 황,좋은하루되세요,2023-01-30 05:30:57
552,황박연,골리니도 괜찮은 자원인데 아직 덜 익음^^*,2023-01-30 05:30:57
553,일루왕,페리시치 들어가다 공보지도않았을땐진짜 뒤통수 한대 치고싶었는데,2023-01-30 05:31:02
554,양효상,막내 생각이 난다! 김민재보면......,2023-01-30 05:31:06
555,일루왕,까비까비!!,2023-01-30 05:31:06
556,양산메퇘지,와 멋져,2023-01-30 05:31:09
557,천둥번개,우리는 대한민국의 자랑인 손흥민과 김민재가 행복한 축구를 하길 빌 뿐입니다,2023-01-30 05:31:18
558,아우구스티노,비가오니 통신 사정이 너무 않좋아서 우우,2023-01-30 05:31:30
559,김마야📣,집중력 좋다,2023-01-30 05:31:32
560,Iwoo Yi,"바둑은 멘탈보다, 주먹싸움에 병원행…ㅋ",2023-01-30 05:31:40
561,양산메퇘지,저 스피드로 달리면서 정확한 크로스,2023-01-30 05:31:42
562,색소폰과함께(제천),어떻게든 마무리는 하고내려오는 나폴리 ㅋㅑ~~~~~~~~~,2023-01-30 05:31:49
563,오이빼주세요,김민재 솔직히 별로다 적당히 빨아재껴라,2023-01-30 05:32:05
564,andrew kim,잘하고 있나요?,2023-01-30 05:32:07
565,jackson,이번 경기에서는 페리시키하고 쏘니가 친한척 포옹도 하던데?,2023-01-30 05:32:16
566,일루왕,가자!!,2023-01-30 05:32:18
567,김마야📣,잘합니다~~,2023-01-30 05:32:24
568,일루왕,네 김멍멍님 너무 잘하고있어요!!,2023-01-30 05:32:26
569,효재,아깝다,2023-01-30 05:32:29
570,황박연,아꿉당,2023-01-30 05:32:35
571,황박연,나폴리 공격은 참~~스피디^^*,2023-01-30 05:32:48
572,냥이는 부지런하다,와~ 45분 순삭. 박진감 쩌네요~,2023-01-30 05:33:01
573,jackson,나폴리 감독님 인상은 선해보이네,2023-01-30 05:33:04
574,일루왕,오늘 스팔래티감독님 소라개분위기,2023-01-30 05:33:05
575,환율,김민재가 별로란놈은 누가 잘하는거임?,2023-01-30 05:33:16
576,일루왕,피짜와 스파게티,2023-01-30 05:33:22
577,jackson,오우 위험,2023-01-30 05:33:29
578,효재,오 위험했다,2023-01-30 05:33:32
579,황박연,선방,2023-01-30 05:33:37
580,일루왕,우와!!!!! 메렛!!!,2023-01-30 05:33:40
581,황박연,와 다행 ㅎㅎㅎ,2023-01-30 05:33:41
582,김마야📣,와,2023-01-30 05:33:41
583,원금주,휴우,2023-01-30 05:33:45
584,이화정,김민재 잘하고 있나요?,2023-01-30 05:33:55
585,tundra tiger,큰일 날뻔했다,2023-01-30 05:34:03
586,양산메퇘지,와 위험했다,2023-01-30 05:34:07
587,김마야📣,민재 오늘 두번 ㅋㅋ,2023-01-30 05:34:08
588,일루왕,메렛까지!!!! 나폴리는 진짜 승리여신이 머리끄댕이 잡고있는듯,2023-01-30 05:34:09
589,색소폰과함께(제천),민재는 언제나 잘합니다ㅎ,2023-01-30 05:34:09
590,황박연,키퍼도 요리스보단 백배 나으네^^*,2023-01-30 05:34:15
591,효재,전반 끝~,2023-01-30 05:34:28
592,황박연,요리스면 골 먹혔음 ㅎㅎ,2023-01-30 05:34:29
593,냥이는 부지런하다,민재여~~ 너 때문에 밤잠 안자고 있다 잘해라 ㅜㅜ,2023-01-30 05:34:33
594,김마야📣,전반종료,2023-01-30 05:34:35
595,천둥번개,김민재 잘했어요,2023-01-30 05:34:41
596,sa sa,김민재 머리에는 자석이 있나,2023-01-30 05:34:51
597,색소폰과함께(제천),무리뉴 꿈속에 김민재 등장!!,2023-01-30 05:34:57
598,황박연,ㅋㅋ,2023-01-30 05:35:05
599,김마야📣,후반전에:yt:구독 :thumbs_up:좋아요 클릭클릭,2023-01-30 05:35:07
600,anonymous,로마도 적수가 안되는구나,2023-01-30 05:35:08
601,김마야📣,후반전에:yt:구독 :thumbs_up:좋아요 클릭클릭,2023-01-30 05:35:16
602,황박연,리뉴에겐 꿈같은 선수 흥민 민재^^*,2023-01-30 05:35:21
603,김마야📣,후반전에:yt:구독 :thumbs_up:좋아요 클릭클릭,2023-01-30 05:35:24
604,김마야📣,후반전에:yt:구독 :thumbs_up:좋아요 클릭클릭,2023-01-30 05:35:36
605,귀동냥,야식시간은 언제나 시간이 빨리가네요ㅋㅋ,2023-01-30 05:35:36
606,전기태,로마 스피드 힘에서 밀리네!,2023-01-30 05:35:47
607,김마야📣,후반전에:yt:구독 :thumbs_up:좋아요 클릭클릭,2023-01-30 05:35:47
608,Gideon Song,무리뉴 토트넘에서 김민재 놓친 것 많이 아쉬워 한다는데.. 오늘 매치에서 만나네요.,2023-01-30 05:35:53
609,환율,무리뉴에게 꿈같은 선수는 호나우두 한명뿐임,2023-01-30 05:35:55
610,일루왕,아니 오늘 로마 이기는건 정말 의미가 너무 크지요. 극강의 분위기를 타던 로마를 꺾는다는건 지금 나폴리는 아무것도 막을수없다는말이지요.,2023-01-30 05:36:09
611,김마야📣,후반전에:yt:구독 :thumbs_up:좋아요 클릭클릭,2023-01-30 05:36:29
612,Kim둥지마을,경기 재미있네요,2023-01-30 05:36:51
613,한동훈,식스맨님 개학 했나요?,2023-01-30 05:36:51
614,커서히딩크,잘생긴 식스맨님 지각인사 꾸벅!,2023-01-30 05:36:59
615,김마야📣,개학했어요,2023-01-30 05:37:05
616,MJ,안녕하세요,2023-01-30 05:37:12
617,김마야📣,:sun_with_face:어서오세요~~,2023-01-30 05:37:14
618,환율,다이어좀 바꾸면 좋겠는데 토트넘은,2023-01-30 05:37:15
619,김마야📣,후반전에:yt:구독 :thumbs_up:좋아요 클릭클릭,2023-01-30 05:37:27
620,황박연,찬물에 라면을 넣는건 괜찮은데 스프를 빨리 넣으면 물은 빨리 끓은데 면은 늦게 익음^^*,2023-01-30 05:37:30
621,원금주,식스맨님 경기후 해장국 한그릇 하고 출근하세요~^^,2023-01-30 05:37:37
622,old salem,편안한 입중계 좋아요,2023-01-30 05:37:46
623,김마야📣,후반전에:yt:구독 :thumbs_up:좋아요 클릭클릭,2023-01-30 05:37:56
624,명희 오,쥐도 코너에 몰리먼. 물어요.,2023-01-30 05:38:01
625,Gold Rose,식스맨님 몇 시에 퇴근하시나요?,2023-01-30 05:38:05
626,황박연,면을 먼저 끓이고 스프를 넣어야 빨리 조리가 됨^^*,2023-01-30 05:38:06
627,김마야📣,후반전에:yt:구독 :thumbs_up:좋아요 클릭클릭,2023-01-30 05:38:21
628,와쪄염,저도 일하는 중간 담배탐~식맨님 오늘은 장실이네 미리 다녀오세요~^^,2023-01-30 05:38:27
629,하늘이의 하루,안녕 하세요 오랜만에 왔네요 언제나 건강 하세요,2023-01-30 05:38:27
630,tundra tiger,맨맨맨맨맨맨 항상 응원합니다.,2023-01-30 05:38:34
631,김마야📣,:sun_with_face:응원과 후원:yt:구독 :thumbs_up:좋아요 감사합니다,2023-01-30 05:38:42
632,kim 지민,방학아닌가요?? 끝났나요?? 아하~~,2023-01-30 05:38:43
633,김기덕,김민제 약간 컨디션이 안좋은듯,2023-01-30 05:38:44
634,일루왕,스프를 먼저넣는다는의미가 온도를 빨리 올리는게아니라 끓는점을 낮추는거라 면이 익는속도에ㅜ차이는 없을거라 생각합니다.,2023-01-30 05:38:49
635,황박연,툰드라에 호랑이가 살아요?,2023-01-30 05:38:51
636,김마야📣,후반전에:yt:구독 :thumbs_up:좋아요 클릭클릭,2023-01-30 05:38:58
637,Ki Choi,손흥민의 멀티 원더골 아직도여운이 남아있는데 김민재의 멋진활약 식스맨 팬들과 응원합니다,2023-01-30 05:38:58
638,황박연,툰드라엔 호랑이 없는걸로 알았는데?^^*,2023-01-30 05:39:06
639,일루왕,와 나 유식해보였어. .,2023-01-30 05:39:20
640,이화정,식스맨 목소리 상큼해요,2023-01-30 05:39:26
641,김마야📣,자화자찬,2023-01-30 05:39:32
642,일루왕,저 끓는점 이야기한거 보심 마야님?,2023-01-30 05:39:47
643,andrew kim,누가 골넘?,2023-01-30 05:39:54
644,황박연,확실히 끓여 보면 면이 익는게 늦어요^^*,2023-01-30 05:39:57
645,김마야📣,봐쓰,2023-01-30 05:39:57
646,김마야📣,:collision:골:right_arrow:오시멘,2023-01-30 05:40:04
647,kim 지민,오시맨:check_mark:,2023-01-30 05:40:08
648,황박연,저도 여러번 해본결과임^^*,2023-01-30 05:40:08
649,일루왕,약간 뿌듯했음,2023-01-30 05:40:10
650,tundra tiger,툰드라와 호랑이 묘하게 어울리지 않나요?,2023-01-30 05:40:21
651,김마야📣,:thumbs_up:,2023-01-30 05:40:21
652,일루왕,반하지마세요. .,2023-01-30 05:40:26
653,황박연,이론보단 실전^^*,2023-01-30 05:40:26
654,Kim둥지마을,1번 실수 김민재...... ㅎㅎㅎ 화이팅~~,2023-01-30 05:40:29
655,일루왕,허허,2023-01-30 05:40:32
656,김마야📣,김칫국?,2023-01-30 05:40:45
657,황박연,경험은 이론을 뛰어 넘는다!^^*,2023-01-30 05:40:46
658,kim 지민,라면은 남이 끌여주는 라면이 젤 맛남..,2023-01-30 05:41:04
659,귀동냥,일루왕님 잼난분이시네요,2023-01-30 05:41:07
660,김명식,식스맨 항상 응원 합니다 :thumbs_up:,2023-01-30 05:41:10
661,Iwoo Yi,맞습니다,2023-01-30 05:41:14
662,환율,???,2023-01-30 05:41:33
663,나연,라면 끓일 때 다진마늘 한스푼 넣으면 맛있습니다,2023-01-30 05:41:40
664,멀멀킨킨,묘루치 비리당~~~!!!,2023-01-30 05:41:43
665,일루왕,관종입니다.,2023-01-30 05:41:43
666,럭키세븐,식스맨님 방가방가 ㅎㅎ,2023-01-30 05:41:46
667,귀동냥,헙,2023-01-30 05:41:48
668,황박연,전에 누가 라면 끓여 주겠다고 집으로 오라고 하던 얘기가 생각 나넹 ㅎㅎㅎ,2023-01-30 05:41:50
669,환율,멸치 액젓에 뭐요???,2023-01-30 05:41:50
670,일루왕,관심이필요해요,2023-01-30 05:41:51
671,일루왕,헥헥,2023-01-30 05:41:54
672,임영한,"김마야님안녕하세요,:hand_with_fingers_splayed:",2023-01-30 05:42:07
673,김마야📣,영한님~:heart_suit:,2023-01-30 05:42:13
674,소드,늦게까지 중계하시고 출근하시다니 대단하시네요 ㅎㄷㄷ,2023-01-30 05:42:18
675,커서히딩크,내숭보단 관종.,2023-01-30 05:42:21
676,일루왕,ㅎㅎㅎ,2023-01-30 05:42:34
677,황박연,관심법은 궁예!^^*,2023-01-30 05:42:42
678,김마야📣,옛다 관심~~,2023-01-30 05:42:44
679,나연,식스맨님 한국선수 경기 중계만 하시나요??,2023-01-30 05:42:46
680,황박연,ㅎㅎㅎㅎㅎㅎㅎㅎㅎㅎㅎ,2023-01-30 05:42:50
681,일루왕,덥썩!!,2023-01-30 05:42:51
682,황박연,ㅋㅋㅋㅋㅋㅋㅋㅋㅋㅋㅋㅋㅋㅋㅋㅋ,2023-01-30 05:42:57
683,환율,다진 마늘 멸치액젓 신기한것도 배우네여,2023-01-30 05:43:01
684,봉구봉이 형님,지금입장인데. 김민재. 잘했나요,2023-01-30 05:43:05
685,원금주,한국 많이 춥죠? 온세계가 이상기온이네요,2023-01-30 05:43:09
686,김마야📣,민재는 언제나 옳지요,2023-01-30 05:43:21
687,일루왕,캐나다도 지금 엄청나게 춥습니다.,2023-01-30 05:43:37
688,귀동냥,일루왕님 네임은 일로오라는 뜻인가요? 아님 그냥 무슨왕인가요?,2023-01-30 05:43:39
689,김마야📣,금주언니 이제 겨울 다 갔어요,2023-01-30 05:43:42
690,와쪄염,요즘 이재성 골소식도 좀 들리더라고요~,2023-01-30 05:43:52
691,황박연,라면 끓일때 두부를 5미리 두께로 잘라서 넣어 보세요 겁나 맛나요^^*,2023-01-30 05:43:53
692,주랑,민재 엄마인데 뭐하세요,2023-01-30 05:44:06
693,환율,두부,2023-01-30 05:44:07
694,김마야📣,후반전에:yt:구독 :thumbs_up:좋아요 클릭클릭,2023-01-30 05:44:12
695,나연,파리 생제르망 팀도 관심 있는데.. 나중에 식스맨님 중계 들을 수 있음 좋겠네요!!,2023-01-30 05:44:13
696,원금주,전 여기로와서 한국서 입던 겨울옷 입을일이 없네요!,2023-01-30 05:44:16
697,일루왕,처음엔 일루왐마 였는데요. .너무 건방져서 좀 귀엽게 일루왕으로 했어요,2023-01-30 05:44:17
698,민강희,김민재 선수 미용실 차렸나요 커트 너무 잘하네요~~김원장님,2023-01-30 05:44:21
699,kim 지민,44초만에골,2023-01-30 05:44:24
700,박성민,이번에 나폴리 우승하고 김민재 선수도 좋은 팀으로 갔으면 좋겠네요!,2023-01-30 05:44:29
701,황박연,두부라면 난 좋던데^^*,2023-01-30 05:44:33
702,일루왕,일루미네이션 생각하다 그냥 저렇게 되버림,2023-01-30 05:44:35
703,김마야📣,후반전에:yt:구독 :thumbs_up:좋아요 클릭클릭,2023-01-30 05:44:41
704,주랑,벗방해주세요,2023-01-30 05:44:45
705,귀동냥,역시 오라는 뜻이었군요,2023-01-30 05:44:49
706,명희 오,그런 실수도 없이. 한다면. 신 이겜해야졍. ㅠㅠ,2023-01-30 05:44:53
707,일루왕,네 맞슴다. .ㅎㅎ,2023-01-30 05:45:03
708,주랑,벗방해주세요,2023-01-30 05:45:11
709,민강희,아~~읽었다 ㅋㅋㅋ,2023-01-30 05:45:14
710,김마야📣,가면 맛있는거 주남?,2023-01-30 05:45:20
711,주랑,벗방 해주세요,2023-01-30 05:45:29
712,귀동냥,근데 가면 모있나요?,2023-01-30 05:45:34
713,일루왕,주랑님 쉿,2023-01-30 05:45:36
714,일루왕,철퇴맞아요,2023-01-30 05:45:40
715,황박연,울 금주형 뭐하심?^^*,2023-01-30 05:45:44
716,와쪄염,이번에 셀틱으로간 친구도 잘됬으면 좋겠고~대한민국 선수들 다 잘됬으면 좋겠네요~,2023-01-30 05:46:01
717,황박연,포토 언니가 안오시다니~,2023-01-30 05:46:02
718,박성민,저번 로마전 무리뉴의 표정이 아직도 생각나네요,2023-01-30 05:46:05
719,주랑,일루왕님,2023-01-30 05:46:07
720,일루왕,금주언니,2023-01-30 05:46:08
721,Sunrise,최고의 해결자에게 좋아요 ! 많이 많이 눌러주세요. ^^,2023-01-30 05:46:09
722,귀동냥,헙 그럼 텨야되는거군요,2023-01-30 05:46:15
723,일루왕,부르지마세요 무서워짐,2023-01-30 05:46:18
724,건하,후반전 언제 시작해요,2023-01-30 05:46:19
725,황박연,ㅎㅎㅎ,2023-01-30 05:46:24
726,정재헌,주량이겠지~~~!,2023-01-30 05:46:26
727,주랑,네,2023-01-30 05:46:26
728,일루왕,휴. .,2023-01-30 05:46:32
729,임영한,"이탈리아 세리에A리그 난 리가 크게 나습니다!비리 의혹에 때문에요,",2023-01-30 05:46:37
730,주랑,식스맨님,2023-01-30 05:46:38
731,원금주,왜요? 세탁기 돌리고 왔습니다! ^^,2023-01-30 05:46:50
732,김마야📣,친구랑 방송하라는 얘기인가?,2023-01-30 05:47:01
733,일루왕,와 그걸 돌리신다고요?,2023-01-30 05:47:02
734,황박연,^^*김마야님이 찾아요~~~,2023-01-30 05:47:02
735,나연,한국 선수들 많이 뛰어서 식스맨님 중계 자주 들을 수 있음 좋겠네요ㅋㅋㅋㅋㅋ,2023-01-30 05:47:04
736,황박연,ㅎㅎㅎ,2023-01-30 05:47:06
737,힘내자,유럽은 왜 겨울에 푹구하아요,2023-01-30 05:47:08
738,커서히딩크,주님오셨네,2023-01-30 05:47:22
739,일루왕,왼손으로 농구공 오른손으론 세탁기돌리시는 주렐루야.,2023-01-30 05:47:26
740,원금주,ㅋㅋ,2023-01-30 05:47:33
741,김마야📣,:sun_with_face:성이 육씨라서 식스맨=초등체육교사=카스광고 목소리출연,2023-01-30 05:47:38
742,황박연,울 식스맨님 구독자가 20만 넘어가면 아마도 학교 못다닐듯^^*,2023-01-30 05:47:59
743,이화정,식스맨 공중파 출연안하나요? 중계 잘하네요,2023-01-30 05:48:00
744,한동훈,식스맨님 토트넘 fa컵 우승 가능 하나요?,2023-01-30 05:48:19
745,임영한,"다음주 나폴리 비리의혹에 들었구요,",2023-01-30 05:48:27
746,커서히딩크,강아지 레스아빠,2023-01-30 05:48:32
747,김마야📣,동훈님 생각은요???,2023-01-30 05:48:35
748,와쪄염,담배탐 끝~일 시작~후반전도 시작~ㅋ,2023-01-30 05:48:39
749,박성민,조규성 선수도 해외진출하면 참 좋을텐데 말이죠..,2023-01-30 05:48:44
750,귀동냥,조규성 꺄~~~,2023-01-30 05:49:06
751,귀동냥,존잘남,2023-01-30 05:49:16
752,안길산,저 새벽기도 회 다녀와 듣흠니다 1대0 이기고 있군요,2023-01-30 05:49:18
753,황박연,컵대회는 가능 하긴 하죠 그러나 리그 일정을 봐야 함 ㅎㅎㅎ,2023-01-30 05:49:26
754,일루왕,조규성 까라는줄았네 놀래라,2023-01-30 05:49:36
755,원금주,ㅎㅎ,2023-01-30 05:49:37
756,tundra tiger,민재의 가장 큰 문제는 너무 잘한다는거..그래서 한번 실수하면 욕이란 욕은 다 먹죠,2023-01-30 05:49:42
757,한동훈,식스맨님 fa컵 토트넘 우승 할수 있을까요?,2023-01-30 05:49:45
758,명희 오,20만. 은 될것 같은대요. 우리 나라선들들 조금만잘하며뉴,2023-01-30 05:49:51
759,황박연,규성이를 왜깜?,2023-01-30 05:49:53
760,나연,팬서비스로 모자 한 번 벗어주십쇼ㅋㅋㅋㅋㅋ,2023-01-30 05:49:56
761,김마야📣,후반전에:yt:구독 :thumbs_up:좋아요 클릭클릭,2023-01-30 05:50:06
762,황박연,아직 피엘도 안갔는데 까면 못써요~~~ㅎㅎㅎ,2023-01-30 05:50:09
763,일루왕,와 나연님 그러는거아님다. .,2023-01-30 05:50:12
764,일루왕,머리는 건들지 맙시다,2023-01-30 05:50:18
765,안길산,아 그거 애플이나 구글에서 제제 해서 그런담니다,2023-01-30 05:50:18
766,귀동냥,저기 조규성 싸랑하는데 까먼 안되요,2023-01-30 05:50:23
767,민강희,축구보면서 설레어요,2023-01-30 05:50:25
768,황박연,나연님이 식스맨님 잘생긴거 아셨나봐요^^*,2023-01-30 05:50:46
769,나연,ㅠㅠ,2023-01-30 05:50:48
770,명희 오,힙하스탈이 잖어. ㅋ ㅋ,2023-01-30 05:51:05
771,일루왕,아. .ㅠㅠ,2023-01-30 05:51:13
772,임영한,"김민재선수가 맨유이적하 다고 들었어요,",2023-01-30 05:51:16
773,와쪄염,토트넘 나폴리 경기 있을때 항상 맨위에 뜨니까 자연스럽게 방송보러온다는~ㅋ,2023-01-30 05:51:21
774,박성민,이강인 선수도 빨리 행복축구 하는 팀으로 갔으면 좋겠네요!,2023-01-30 05:51:23
775,와쪄염,모두들 구독 좋아요~알람까지 고고~,2023-01-30 05:51:39
776,안길산,저는 본경기 못 들으면 제방송 듣는데 구글과 애플에서 제제시켜 마크가 달리지 않아 알고 있슴니다,2023-01-30 05:51:40
777,나연,ㅋㅋㅋㅋㅋㅋㅋㅋㅋ일루왕님 재밌으시네여,2023-01-30 05:51:49
778,한동훈,후반전 시작합니다,2023-01-30 05:51:53
779,일루왕,모자 이뻐서그런듯해요,2023-01-30 05:51:54
780,천둥번개,서로 불편한 말씀은 삼가하는 메너를..,2023-01-30 05:52:00
781,와쪄염,저 구독자에요~ㅋㅋ,2023-01-30 05:52:07
782,귀동냥,울딸 남친한테 받은 토끼모자있는데,2023-01-30 05:52:09
783,황박연,후바니가 시작 되려고 함^^*,2023-01-30 05:52:11
784,나연,아니요.. 식스맨님 잘생기셨는데 모자 핏이 ㅠ,2023-01-30 05:52:17
785,일루왕,지금 채팅 분위기 좋슴다!!,2023-01-30 05:52:19
786,김마야📣,:washhands::washhands::washhands:,2023-01-30 05:52:23
787,황박연,이미 시작 되었군 ㅎㅎ,2023-01-30 05:52:27
788,일루왕,장난이에요 장난,2023-01-30 05:52:31
789,천둥번개,아니요 미남이세요,2023-01-30 05:52:44
790,일루왕,경기 시작됐어요 가즈아아아!!,2023-01-30 05:52:46
791,anonymous,주랑 강퇴당했나보네,2023-01-30 05:52:49
792,나연,나폴리 가즈아,2023-01-30 05:52:52
793,임영한,"식스맨님 잘생겼어요,",2023-01-30 05:52:55
794,안길산,나폴리 경기내용도 이기고 있나요,2023-01-30 05:53:05
795,BAN Playlist,가자가자!,2023-01-30 05:53:08
796,황박연,폴리가 마를 너무 바준다^^*,2023-01-30 05:53:22
797,안길산,10만 갑시다,2023-01-30 05:53:32
798,천둥번개,10만 좀 가고 싶어요,2023-01-30 05:53:38
799,나연,7만 8만 때 맥주... 확인이요,2023-01-30 05:53:41
800,Ny 갈매기,민재 한골 넣음?,2023-01-30 05:53:47
801,김마야📣,:collision:골:right_arrow:오시멘,2023-01-30 05:53:56
802,임영한,1위 나폴리 우승가자!,2023-01-30 05:54:00
803,안길산,무리뉴 감독 토트넘 계신때 김민제 영입시도 했다는데,2023-01-30 05:55:07
804,귀동냥,에휴 야식시간 끝나서 가야겠네 귀로는 계속듣고있을께요 오늘 채팅 잼났어요 슝~,2023-01-30 05:55:35
805,BAN Playlist,와 미쳤다ㅏ 김민재,2023-01-30 05:55:46
806,황박연,민재 클리어링,2023-01-30 05:55:48
807,김마야📣,고생하세요~~,2023-01-30 05:55:53
808,kim 지민,발밟혔다 민재 :check_mark:,2023-01-30 05:55:53
809,일루왕,이씨,2023-01-30 05:56:01
810,임영한,:washhands::washhands::washhands::washhands::washhands:,2023-01-30 05:56:04
811,황박연,김마야님 어디감?,2023-01-30 05:56:05
812,김마야📣,귀동냥님~~,2023-01-30 05:56:25
813,황박연,ㅎㅎㅎ,2023-01-30 05:56:30
814,황박연,김마야님 따라 가는줄 ㅎㅎㅎ,2023-01-30 05:56:52
815,일루왕,귀동냥님 수고하셔욥!!,2023-01-30 05:56:55
816,김마야📣,어딜따라가 ㅋㅋㅋ,2023-01-30 05:57:08
817,안길산,김민재 장가가도 태크릭 대단해요,2023-01-30 05:57:09
818,일루왕,어우!!,2023-01-30 05:57:20
819,임영한,"김마야님수고가 많으세요, ㅎㅎㅎㅎ",2023-01-30 05:57:28
820,색소폰과함께(제천),한골더 나폴리~~~~ㅎㅎ,2023-01-30 05:57:29
821,황박연,시맨 아파~,2023-01-30 05:57:40
822,일루왕,저걸 패스로연결안하고 슛했으면 골 먹었겠는데. .어후,2023-01-30 05:57:40
823,김마야📣,감사감사~,2023-01-30 05:57:41
824,김마야📣,나폴리 이겨라~~,2023-01-30 05:57:53
825,BAN Playlist,오시멘 선수 오늘 많이 다치네요..ㅠ,2023-01-30 05:57:55
826,임영한,두골 더 가자!,2023-01-30 05:58:02
827,수선 안,"후보가 나폴리 15명, AS로마 11명 1팀에 선수수 제한이 있나요?",2023-01-30 05:58:07
828,sa sa,수비가 약점인데 왜 수비만 안사나요?,2023-01-30 05:58:11
829,황박연,2천억자리 때리면 골로간다! 조심들 해라 ㅎㅎㅎ,2023-01-30 05:58:13
830,손금자,흥민이가 좋은 플레이할때 엄지척 해주고파이팅 외쳐주는 페리시치~~ 보기 좋던데 자주 봤음 ~~,2023-01-30 05:58:15
831,김마야📣,수난시대,2023-01-30 05:58:19
832,김용철,:elbowcough:,2023-01-30 05:58:23
833,황박연,흥민이 팬놈도 골로 갔다!,2023-01-30 05:58:27
834,일루왕,아 스몰링. .진짜 그만괴롭히시맹!!,2023-01-30 05:58:28
835,안길산,2골 가야 안전하는데 ㅎㅎ,2023-01-30 05:58:38
836,임영한,"식스맨님 물 좀 드세요,",2023-01-30 05:58:43
837,일루왕,수난시맹,2023-01-30 05:58:47
838,죤데이비드,김민재 3호골 넣을 때 되지 않았나요?,2023-01-30 05:58:50
839,김마야📣,그만하맹,2023-01-30 05:59:01
840,일루왕,싫으시맹,2023-01-30 05:59:14
841,환율,수비가 안좋은데 안사는건 먼가 목적이 있겠죠,2023-01-30 05:59:20
842,김마야📣,으이구 얄미워,2023-01-30 05:59:45
843,안길산,안기사 저의 동생 이름 같네요,2023-01-30 05:59:50
844,일루왕,? 뭔말씀이시지,2023-01-30 05:59:51
845,커서히딩크,김민재 강행군이라 후반기 체력이나 부상조심해야하는데 김민재빠진경기는 위태롭네요.,2023-01-30 05:59:54
846,환율,토트넘 물어보시는거 같아서요 ㅎ,2023-01-30 05:59:59
847,안길산,안길산 안기사 ㅎㅎ,2023-01-30 06:00:06
848,천둥번개,나폴리 팀 플레이는 대단함,2023-01-30 06:00:19
849,일루왕,음. .그르쵸. .아무도 모르죠 그이유를. .,2023-01-30 06:00:22
850,BAN Playlist,로보트카 중원에서 너무 안정적이어서 든든하네요,2023-01-30 06:00:25
851,sa sa,김민재로 든든,2023-01-30 06:00:38
852,황박연,민재 빠지면 나폴리는 개박살 남,2023-01-30 06:00:48
853,천둥번개,맞습니다,2023-01-30 06:00:53
854,황박연,여러번 증명되었음,2023-01-30 06:00:53
855,일루왕,로보트카 진짜 위아래로 완전 열심히 뛰어줌요.,2023-01-30 06:01:13
856,소피티아,김민재 화이팅,2023-01-30 06:01:23
857,kim 지민,아 ~~ 아까비,2023-01-30 06:01:24
858,BAN Playlist,아..ㅠㅠㅠ 까비,2023-01-30 06:01:26
859,김마야📣,논스톱,2023-01-30 06:01:30
860,일루왕,아아아아아아아아,2023-01-30 06:01:31
861,임영한,골,2023-01-30 06:01:33
862,일루왕,퍼스트터치,2023-01-30 06:01:36
863,일루왕,그냥 슛 때려버리지!!,2023-01-30 06:01:44
864,임영한,아우,2023-01-30 06:01:47
865,효재,이거 넣었어야 했는데 흠..,2023-01-30 06:01:51
866,anonymous,버퍼링 짜증,2023-01-30 06:01:52
867,sa sa,왜 면빼고 멸치액젓 넣나요?,2023-01-30 06:01:57
868,kim 지민,오늘 라흐마니 헤딩 좋네,2023-01-30 06:02:01
869,안길산,좋아요 386 ㅎㅎ 1000 가자,2023-01-30 06:02:04
870,박성민,새벽 근무하면서 중계 보고 있는데 아버지 세대분들이 라디오 중계가 왜 몰입감 있는지 알 것 같아요! 늘 감사드립니다!,2023-01-30 06:02:23
871,환율,sasa님 이까 ㅇ방송한거 보시는듯,2023-01-30 06:02:33
872,김마야📣,:sun_with_face:응원과 후원:yt:구독 :thumbs_up:좋아요 감사합니다,2023-01-30 06:02:35
873,와쪄염,토트넘이든 나폴리든 챔스결승가면 정모식으로 같이 만나서 보고싶네요~,2023-01-30 06:02:42
874,안길산,뭔 중간광고,2023-01-30 06:02:58
875,냥이는 부지런하다,나폴리 공격력 시원시원하네요,2023-01-30 06:03:04
876,정재식,:thumbs_up::thumbs_up::thumbs_up::thumbs_up::thumbs_up::thumbs_up::thumbs_up:,2023-01-30 06:03:04
877,일루왕,나 후이!! 불안불안,2023-01-30 06:03:18
878,김마야📣,홈~~~~런,2023-01-30 06:03:18
879,황박연,대포알 홈런~,2023-01-30 06:03:19
880,냥이는 부지런하다,ㅋㅋ 흥민이죤,2023-01-30 06:03:20
881,임영한,"전반전에 누가 골 넣어나 요,",2023-01-30 06:03:23
882,수선 안,네이마르 1골 PSG 앞서고 있음 유럽 5대 빅리그중 나폴리가 우승 확률이 가장 확실하죠,2023-01-30 06:03:34
883,김마야📣,:collision:골:right_arrow:오시멘,2023-01-30 06:03:37
884,일루왕,박성민님 감삼다요!!!,2023-01-30 06:03:39
885,안길산,저의 핸드폰 중간 광고ㅎㅎㅎ,2023-01-30 06:03:44
886,냥이는 부지런하다,흥민이와 클래수 차이,2023-01-30 06:03:45
887,김범이가,골 오시멘,2023-01-30 06:03:47
888,환율,오시맨요,2023-01-30 06:03:47
889,김용민,지금 후반전이에요?,2023-01-30 06:04:23
890,김마야📣,후반요,2023-01-30 06:04:34
891,환율,디발라도 축구 겁나 잘하게 생겼든데,2023-01-30 06:04:35
892,황박연,디발라 몸싸움이 안되넹 ㅎㅎㅎ,2023-01-30 06:04:42
893,김용민,ㄱㅅ,2023-01-30 06:04:42
894,최상환,:yt:구독 좋아요 :thumbs_up: 꾸우욱,2023-01-30 06:04:44
895,kim 지민,짐까지 나폴리가 디발라 잘 막네,2023-01-30 06:04:47
896,일루왕,박성민님 후원 좋은말씀해주셨네요,2023-01-30 06:05:04
897,일루왕,아 버벅,2023-01-30 06:05:52
898,김마야📣,안봐도 보이는 것 같은 대장님 방송 :thumbs_up:,2023-01-30 06:06:20
899,사람,김민재 선수 지금까지 잘하고 있나요 ??,2023-01-30 06:06:27
900,도환 이,안녕하세요,2023-01-30 06:06:31
901,BAN Playlist,이야!~ 김민재~,2023-01-30 06:06:38
902,일루왕,엘샤라위?,2023-01-30 06:06:41
903,박성민,철기둥!,2023-01-30 06:06:44
904,일루왕,엘샤라위요?,2023-01-30 06:06:47
905,황박연,민재 클리어링 ㅎㅎㅎ,2023-01-30 06:06:48
906,김마야📣,:sun_with_face:응원과 후원:yt:구독 :thumbs_up:좋아요 감사합니다,2023-01-30 06:06:52
907,일루왕,지금 로마에 엘샤라위가있나요?,2023-01-30 06:06:58
908,BAN Playlist,김민재 선수 바로 옆에 선수있는거 확인하고 자리잡네요,2023-01-30 06:07:00
909,일루왕,오호,2023-01-30 06:07:02
910,kim 지민,김민재 길목차단 ㅣ:thumbs_up: 근데 몸상태 안좋은듯..아까 밟힌다리 종아리 가 안좋은듯,2023-01-30 06:07:15
911,황박연,얼릉 한골 더 넣자!,2023-01-30 06:07:28
912,천둥번개,역시,2023-01-30 06:07:41
913,BAN Playlist,김민재 선수 부상 절대 안됩니다..ㅠ!,2023-01-30 06:07:43
914,소피티아,오시멘 한 골 더 넣자,2023-01-30 06:07:49
915,일루왕,아 오늘 김민재선수 옐로 받아야 담경기 쉴텐데,2023-01-30 06:07:49
916,황박연,안골,2023-01-30 06:07:56
917,일루왕,옐로 받자 킴민재!!!,2023-01-30 06:07:57
918,안길산,오시맨 김민재 수난이네,2023-01-30 06:08:02
919,박성민,주전 수비수는 매번 출전하기때문에 부상 조심해야하는데..,2023-01-30 06:08:02
920,천둥번개,흐비파도 한 골 넣자,2023-01-30 06:08:20
921,냥이는 부지런하다,와...역시 김민재,2023-01-30 06:08:22
922,황박연,민재 발목 아픈가보당,2023-01-30 06:08:23
923,천둥번개,흐비차,2023-01-30 06:08:25
924,황박연,밟은놈 때려줘!,2023-01-30 06:08:32
925,일루왕,오늘 두개째!!!,2023-01-30 06:08:38
926,김마야📣,집중력:thumbs_up:,2023-01-30 06:08:39
927,커서히딩크,스몰링이 톨링이네.ㅋ,2023-01-30 06:08:42
928,BAN Playlist,ㅠㅠ민재선수 좀 불편해보이네요,2023-01-30 06:08:46
929,안길산,아 하니 들어간줄 알았잖아요,2023-01-30 06:09:00
930,kim 지민,헤딩경합은 다 민재 ...아슬아슬..,2023-01-30 06:09:13
931,박성민,역습한번만!,2023-01-30 06:09:24
932,일루왕,응?,2023-01-30 06:09:30
933,김마야📣,앙대,2023-01-30 06:09:34
934,BAN Playlist,아..ㅠㅠ 김민재 주지..ㅠㅠㅠㅠ,2023-01-30 06:09:42
935,kim 지민,민재 주지,2023-01-30 06:09:47
936,천둥번개,롱런~ 하는 게 어려운 스포츠..,2023-01-30 06:09:49
937,황박연,아오 아꿉,2023-01-30 06:09:49
938,소피티아,식스맨님 늘 고맙습니다,2023-01-30 06:10:01
939,BAN Playlist,진짜 엄청 빠르네요 김민재선수..ㅋㅋㅌㅌㅋㅋ,2023-01-30 06:10:03
940,kim 지민,민재 킥 보고싶다고 :loudly_crying_face::loudly_crying_face::loudly_crying_face::loudly_crying_face:,2023-01-30 06:10:04
941,일루왕,아 흥민이 올라가는줄알았네,2023-01-30 06:10:04
942,박성민,축구는 팀스포츠이거늘...,2023-01-30 06:10:12
943,안길산,김민재 한골 날라갔네,2023-01-30 06:10:17
944,kim 지민,빠르다 ㅋㅋ,2023-01-30 06:10:19
945,황박연,진짜 너무 아꿉당 민재 줬으면 골인데 ㅎㅎㅎ,2023-01-30 06:10:24
946,허은수,ㅋ 나폴리 민재도 중계하시네요^^,2023-01-30 06:10:25
947,일루왕,아 민재 불편한거 아니였냐고. .ㅎㅎ,2023-01-30 06:10:33
948,BAN Playlist,헐 뭐야,2023-01-30 06:10:34
949,천둥번개,민재 주지,2023-01-30 06:10:38
950,황박연,민재도 왕년에 공격수 해봤다고 폴리야~~~,2023-01-30 06:10:42
951,일루왕,억,2023-01-30 06:10:48
952,kim 지민,야~~ 민재 킥좀 보자공:loudly_crying_face::loudly_crying_face:,2023-01-30 06:10:50
953,BAN Playlist,ㅓ헐 안돼..ㅠㅠ,2023-01-30 06:10:50
954,일루왕,안되!!!,2023-01-30 06:10:51
955,박성민,안돼...,2023-01-30 06:10:53
956,kim 지민,완전밀었잖아 :loudly_crying_face::loudly_crying_face::man_gesturing_ok::man_gesturing_ok:,2023-01-30 06:11:03
957,파란세상,통곡의벽 쓰러짐 ㅠㅠ,2023-01-30 06:11:05
958,일루왕,채널티다!!,2023-01-30 06:11:16
959,kim 지민,일부러 달려와 미는데...누구나 넘어짐,2023-01-30 06:11:32
960,Cybermonk,식스맨님 꿀모닝~:person-turqouise-waving::two_hearts:,2023-01-30 06:11:39
961,anonymous,디발라 피곤해보이네,2023-01-30 06:11:44
962,천둥번개,롱런하는 게 쉽지 않음,2023-01-30 06:11:52
963,BAN Playlist,오 다행히다,2023-01-30 06:11:52
964,일루왕,큰부상은 아닐듯합니다 그래도. .,2023-01-30 06:11:53
965,kim 지민,무방비상태에서 밀리니 충격받고 삐긋하지,2023-01-30 06:11:55
966,jackson,민재 화이팅,2023-01-30 06:12:05
967,박성민,제발 부상만큼은 안됩니다..!,2023-01-30 06:12:05
968,민생기록 - livelihood record,6시 넘었네요.,2023-01-30 06:12:12
969,커서히딩크,체구가 클수록 넘어지면 충격이 큽니다,2023-01-30 06:12:19
970,김마야📣,나폴리:clapping_hands::clapping_hands::clapping_hands:,2023-01-30 06:12:19
971,안길산,다행 임니다 경기력 좀 떨어질듯 ㅎㅎ,2023-01-30 06:12:25
972,kim 지민,오늘따라 시간안간다,2023-01-30 06:12:29
973,kim 지민,조마조마,2023-01-30 06:12:36
974,Moon Baek,안녕하세요! 오랜만에 인사드립니다. 새해 복 많이 받으시고 건강하세요!^^,2023-01-30 06:12:41
975,황박연,헤딩 홈런,2023-01-30 06:12:44
976,김마야📣,우주로,2023-01-30 06:12:47
977,일루왕,앙!! 시맨!!,2023-01-30 06:12:49
978,BAN Playlist,오늘 김민재선수 진짜 열심히 뛰는거같습니다,2023-01-30 06:12:59
979,jackson,오시맨은 조로가면 쓰고 안불편한가?,2023-01-30 06:13:00
980,윤석헌,민재.몇년생이유.,2023-01-30 06:13:07
981,kim 지민,한골 넣어야좀 한숨돌리는데,2023-01-30 06:13:09
982,kim 지민,아까 속공 아까비,2023-01-30 06:13:17
983,일루왕,마르세유톤으로 백패스하는 디발라. .,2023-01-30 06:13:25
984,황박연,너무 바준다^^*,2023-01-30 06:13:31
985,안길산,오시멘은 왜 마스크 쓰나요,2023-01-30 06:13:53
986,슈발리에,오늘 좀 늦었네요,2023-01-30 06:14:02
987,냥이는 부지런하다,전흐반 완전 쫄깃쫄깃 합니다,2023-01-30 06:14:04
988,일루왕,어라. .제얘기가 그렇게 어이가없으셨나. .ㅎㅎㅎㅎ,2023-01-30 06:14:13
989,효재,카드네,2023-01-30 06:14:18
990,BAN Playlist,오우 저건 위험했네요,2023-01-30 06:14:19
991,일루왕,잘했으잘했으!!,2023-01-30 06:14:38
992,양현식,오늘은그만하자 몸이 아파보여 ㅠㅠ,2023-01-30 06:14:39
993,황박연,심파나 그게 왜 시맨이 경고냐~?,2023-01-30 06:14:40
994,일루왕,스몰링도 그랬음. .,2023-01-30 06:14:54
995,와쪄염,김민재덕분에 우리나라 수비수 양성에 엄청 힘이된거 같아요~롤모델로 삼는 어린친구들이 많아졌어요~,2023-01-30 06:14:58
996,에이레네,흐비차 힘들었다,2023-01-30 06:15:22
997,김마야📣,:washhands::washhands::washhands:,2023-01-30 06:15:35
998,일루왕,김민재가 뛴 이유는 수비집중력을 흐뜨러뜨려주기위함이었을거에요,2023-01-30 06:15:38
999,죽었네,민재 오늘어떤가요?,2023-01-30 06:15:50
1000,박성민,김민재 vs 반다이크가 같은 리그에서 붙는 날이 오기를..,2023-01-30 06:15:59
1001,일루왕,패스했어도 달리던 스피드에 어떻게 됐을지 모르고 잘찼다고 생각은하지만 아쉬울뿐. .ㅎㅎ,2023-01-30 06:16:11
1002,anonymous,앙기사 요새 폼 별로,2023-01-30 06:16:13
1003,슈발리에,박지수도 포르티넨세 갔죠,2023-01-30 06:16:17
1004,효재,오시멘 부상나오것다,2023-01-30 06:16:22
1005,sa sa,레드카드,2023-01-30 06:16:28
1006,일루왕,레드나오는줄,2023-01-30 06:16:35
1007,김마야📣,오시멘 오늘 ㅠㅠ,2023-01-30 06:16:36
1008,일루왕,아 민재도 옐로 오늘 받아야되는데,2023-01-30 06:16:46
1009,BAN Playlist,경기 너무 격해..ㅠㅠ,2023-01-30 06:16:47
1010,kim 지민,오시맨 오늘 고생 많다,2023-01-30 06:16:53
1011,박성민,축구가 전투체육인 이유..,2023-01-30 06:17:04
1012,일루왕,민재야 거친파울하나 가야된다 민재야아아아,2023-01-30 06:17:09
1013,안길산,축구전쟁 이네 육탄 ㅎ,2023-01-30 06:17:18
1014,색소폰과함께(제천),어느덧 후반도 반이지나가네요ㅎ,2023-01-30 06:17:34
1015,황박연,올시즌 이탈리아 우승팀하고 준우승팀하고 승점차이 역대급 날듯^^*,2023-01-30 06:17:38
1016,임영한,"오시멘이 경고했나요,식스 맨님!",2023-01-30 06:17:39
1017,JH SUH,민재도 옐로받고 담 경기 쉬자~~,2023-01-30 06:17:40
1018,kim 지민,치즈받고 담경기 쉬자 ㅋ,2023-01-30 06:17:46
1019,일루왕,비교적 약한 다음경기 쉬어주고 옐로카드 초기화도 시켜줘야하는데말이죠.,2023-01-30 06:18:16
1020,황박연,나폴리 승점 100점 기대^^*,2023-01-30 06:18:27
1021,jackson,꼴키퍼 잘했쓰,2023-01-30 06:18:27
1022,안길산,많이 뛰니 쥐나겠다,2023-01-30 06:18:55
1023,일루왕,까비,2023-01-30 06:19:00
1024,박성민,다리 쥐 진짜 아프다는데..,2023-01-30 06:19:24
1025,안길산,저도 축구 선수였는데,2023-01-30 06:19:27
1026,anonymous,햄스트링,2023-01-30 06:19:38
1027,에이레네,에이브러햄 아웃,2023-01-30 06:19:41
1028,황박연,뱁새가 황새를 쫒아 가다가 다리가 ㅎㅎㅎ,2023-01-30 06:19:45
1029,황박연,로마야 그러게 왜 이기려 드냐고 ㅎㅎㅎ,2023-01-30 06:20:03
1030,天_명,새해 복 많이 받으시고 모든님과 함께 좋은아침 맞이 하세요,2023-01-30 06:20:04
1031,일루왕,철기둥이 패스도잘해. .으흐흐,2023-01-30 06:20:21
1032,임영한,"치쳤진 김민재선수 같아요,",2023-01-30 06:20:22
1033,김마야📣,:sun_with_face:응원과 후원:yt:구독 :thumbs_up:좋아요 감사합니다,2023-01-30 06:20:25
1034,황조롱이,또 이기네,2023-01-30 06:20:36
1035,위풍당당,공복유산소 싸이클 타면서 잘 보고있어요,2023-01-30 06:20:40
1036,일루왕,로보트카는 쉬지않지,2023-01-30 06:20:42
1037,anonymous,로마 만만치 않네,2023-01-30 06:20:52
1038,天_명,잠자고 지각 했네요.ㅎ,2023-01-30 06:21:03
1039,마지막 동화줄,민재 안 다쳤나요?,2023-01-30 06:21:04
1040,효재,아이고,2023-01-30 06:21:04
1041,jackson,이런 먹언네,2023-01-30 06:21:05
1042,BAN Playlist,헐..,2023-01-30 06:21:07
1043,박성민,통영 굴국밥만큼 든든한 김민재 화이팅!,2023-01-30 06:21:11
1044,황박연,동점,2023-01-30 06:21:13
1045,일루왕,아. .,2023-01-30 06:21:15
1046,김마야📣,아놔,2023-01-30 06:21:20
1047,일루왕,엘샤라위. .,2023-01-30 06:21:20
1048,원금주,오마이갓,2023-01-30 06:21:20
1049,임영한,아우C,2023-01-30 06:21:27
1050,BAN Playlist,김민재가 다 막아도 안돼네..,2023-01-30 06:21:30
1051,황박연,그러게 빨리 골을 한골 더 넣어야야지~~,2023-01-30 06:21:36
1052,환율,안돼,2023-01-30 06:21:37
1053,anonymous,어쩐지 게속 밀리더니,2023-01-30 06:21:38
1054,天_명,ㅠㅠ,2023-01-30 06:21:42
1055,일루왕,괜찮아 괜찮아. .나폴리걱정은 뭐다? 쓸때없다.,2023-01-30 06:21:43
1056,jackson,11번의 실책이네 월급 깍이겠다,2023-01-30 06:21:55
1057,Cybermonk,으악!:face-fuchsia-tongue-out:,2023-01-30 06:21:55
1058,안길산,후반은 밀리네,2023-01-30 06:21:56
1059,커서히딩크,아까 김민재줬으면 2대1인데..,2023-01-30 06:22:08
1060,박성민,한골 더 넣으면 되죠! 나폴리인데,2023-01-30 06:22:11
1061,천둥번개,이것이 축구,2023-01-30 06:22:14
1062,임영한,"역시 김민재선수가 치쳤네,",2023-01-30 06:22:15
1063,황조롱이,괜히 또 이기네 했네 ㅎㅎ,2023-01-30 06:22:20
1064,일루왕,엥?,2023-01-30 06:22:23
1065,Cybermonk,시메오네,2023-01-30 06:22:30
1066,일루왕,이게왜 민재가 지친거죠?,2023-01-30 06:22:30
1067,효재,오시멘 나갔네,2023-01-30 06:22:30
1068,jackson,11번 바로 빼주네 역시 명감독이네,2023-01-30 06:22:35
1069,일루왕,로사노가 못막은건데,2023-01-30 06:22:36
1070,anonymous,나폴리 오늘 좀 그러네,2023-01-30 06:22:49
1071,냥이는 부지런하다,이렇게.되면 역습에서 멋넣은게 너무.안타깝메요,2023-01-30 06:22:56
1072,천둥번개,로사노가 한 골로 갚아주기를,2023-01-30 06:22:59
1073,안병현2꽁찡,로마넣어네 ㅋ,2023-01-30 06:23:02
1074,황박연,무승부로 가려는듯,2023-01-30 06:23:03
1075,원금주,무리뉴 토트넘서 마음고생이 넘 심하셨나 넘 늙으셨어 ㅠㅠ,2023-01-30 06:23:04
1076,냥이는 부지런하다,민재야 결승골 가자,2023-01-30 06:23:13
1077,안길산,김민재 몸 많이 다쳤는데 교체타임 이닌가,2023-01-30 06:23:19
1078,황조롱이,민재가 한골 넣어라,2023-01-30 06:23:32
1079,황박연,너무 바주더라니~~ㅎㅎㅎ,2023-01-30 06:23:35
1080,Cybermonk,로렌초실수,2023-01-30 06:23:43
1081,박성민,무버지...,2023-01-30 06:23:45
1082,young park,민재 결승골 가보자!!,2023-01-30 06:23:48
1083,색소폰과함께(제천),나폴리 한골더!!!!!!!!!!,2023-01-30 06:24:24
1084,임영한,나폴리 한골 가자!,2023-01-30 06:24:29
1085,Nam Kim,민재 대포알슈팅 함보여주자,2023-01-30 06:24:33
1086,김마야📣,나폴리:clapping_hands::clapping_hands::clapping_hands:,2023-01-30 06:24:42
1087,황박연,이와중에 오시맨을 빼다니 ㅎㅎㅎ,2023-01-30 06:24:56
1088,박성민,우리나라도 비디치 같은 수비수 또 나오면 대박일텐데 말이죠,2023-01-30 06:24:58
1089,슈발리에,AS로마는 자니올로 언해피를 해결해야,2023-01-30 06:25:01
1090,황박연,이길 맘이 없는게야~~ㅎㅎ,2023-01-30 06:25:06
1091,안길산,오늘 민재 한골 넣면 일주일 행복할탠데,2023-01-30 06:25:09
1092,원금주,민재 중거리슛 함 가즈아~~,2023-01-30 06:25:34
1093,임영한,맞음!,2023-01-30 06:25:44
1094,일루왕,카. .나폴리 정말 하프스페이스빈공간 잘찾는듯..,2023-01-30 06:25:59
1095,안길산,나폴리 교체 적중 한골가자,2023-01-30 06:26:13
1096,Gold Rose,한 골 먹혔네요,2023-01-30 06:26:19
1097,jackson,챈스다,2023-01-30 06:26:27
1098,임영한,나폴리 분위기가 좋았는데,2023-01-30 06:26:31
1099,일루왕,저 하프스페이스 빈공간찾아서 패스하는게 토트넘이 안됨,2023-01-30 06:26:31
1100,황박연,민재야 프리킥골 한번 하자 ㅎㅎㅎ,2023-01-30 06:26:39
1101,박성민,베컴 빙의!,2023-01-30 06:26:49
1102,Park영,금돔벨레 안나오노,2023-01-30 06:26:54
1103,환율,토트넘은 그냥 패스도 안됨,2023-01-30 06:27:04
1104,일루왕,반박을 못하겠다,2023-01-30 06:27:31
1105,일루왕,철퇴,2023-01-30 06:27:41
1106,냥이는 부지런하다,민재 결승골 가자,2023-01-30 06:27:42
1107,와쪄염,당구칠때 저 별명이 오시맨이었는데..그냥 그랬다구요..미안합니다..ㅎㅎ;;;,2023-01-30 06:27:47
1108,안길산,손흥민 원더골 지점,2023-01-30 06:27:48
1109,jackson,민재 한번 차라,2023-01-30 06:27:51
1110,명희 오,나폴리 골 먹히면. 외김민제 잘못 인것 같은 느낌일까? ㅠㅠ,2023-01-30 06:27:59
1111,BAN Playlist,헐 뭐야 레이저 쏘나?,2023-01-30 06:28:04
1112,JH SUH,무리뉴가 잘 하기는 하네...,2023-01-30 06:28:05
1113,박성민,제발..!,2023-01-30 06:28:16
1114,Nam Kim,"함보여줘 ,민재 대포알슈팅",2023-01-30 06:28:35
1115,김준영,민재가 줏어 먹으면 좋겟다,2023-01-30 06:28:38
1116,임영한,"폐리시치 교체해야,",2023-01-30 06:28:43
1117,sa sa,농구를 하러가지,2023-01-30 06:28:45
1118,안길산,그 좋은기회 날리네,2023-01-30 06:28:48
1119,JH SUH,민재 뚝배기를 보여줘~~,2023-01-30 06:28:55
1120,명희 오,글면 민제 ㅅ낭차,2023-01-30 06:29:23
1121,곰돌이,로마 한골넣었네요 무리누감독님 하이팅,2023-01-30 06:29:43
1122,일루왕,잘가라,2023-01-30 06:29:49
1123,일루왕,그럴것같더라. .ㅋㅋ,2023-01-30 06:29:58
1124,명희 오,그건 드라마졍 ㅋ,2023-01-30 06:30:02
1125,Park영,매너 채팅 해주세요 ^^,2023-01-30 06:30:09
1126,sa sa,민재 줘야지,2023-01-30 06:30:14
1127,일루왕,식스맨님 방송이 커지고있다는이야깁니다.,2023-01-30 06:30:19
1128,박성민,한골만 더 넣고 잠그자!,2023-01-30 06:30:23
1129,안길산,안기사 잘좀해라,2023-01-30 06:30:45
1130,천둥번개,인성이 문제,2023-01-30 06:30:58
1131,슈발리에,"과연 여름 이적시장에서 오시멘,크바르츠헬리아,앙귀사,김민재를 지낄수 있을까요???",2023-01-30 06:31:09
1132,김마야📣,나폴리:clapping_hands::clapping_hands::clapping_hands:,2023-01-30 06:31:20
1133,天_명,대리만족 습성이 관종으로 되는거죠,2023-01-30 06:31:23
1134,일루왕,아 시메오네!! 조커의 신!!,2023-01-30 06:31:28
1135,박성민,슬슬 공격보강을 위해 교체 해야하지 않을까요?,2023-01-30 06:31:30
1136,김준영,우와 처음 왔는데 영상 안봐도 너무 실감나게 중계 하네요,2023-01-30 06:31:36
1137,anonymous,오늘 나폴리 별루야,2023-01-30 06:31:39
1138,김마야📣,:sun_with_face:응원과 후원:yt:구독 :thumbs_up:좋아요 감사합니다,2023-01-30 06:31:47
1139,일루왕,시메오네가 득점 넣어줄거임,2023-01-30 06:31:58
1140,은댕,민재~홧팅,2023-01-30 06:31:59
1141,jackson,골이다,2023-01-30 06:32:05
1142,jackson,골,2023-01-30 06:32:08
1143,효재,와,2023-01-30 06:32:09
1144,한동훈,골,2023-01-30 06:32:11
1145,BAN Playlist,나이스!!!!!!이거지!! 역시 나폴리~~~,2023-01-30 06:32:13
1146,은댕,골~~~,2023-01-30 06:32:15
1147,안길산,안기사 실수없시 하자,2023-01-30 06:32:15
1148,원금주,골,2023-01-30 06:32:16
1149,명희 오,골?,2023-01-30 06:32:20
1150,박박경린,굿,2023-01-30 06:32:23
1151,BAN Playlist,나폴리 역시 잘한다ㅏ!!!,2023-01-30 06:32:23
1152,황박연,ㅎㅎㅎ,2023-01-30 06:32:28
1153,Cybermonk,시메오빠~,2023-01-30 06:32:28
1154,iQ Foil도사,꼬오루~~~~~~~~~~,2023-01-30 06:32:29
1155,은댕,예아~~~,2023-01-30 06:32:29
1156,이게머시고,개샷 굿,2023-01-30 06:32:31
1157,박성민,이제 잠그자!,2023-01-30 06:32:33
1158,환율,오우,2023-01-30 06:32:33
1159,황박연,역시 믿을맨들^^*,2023-01-30 06:32:36
1160,Park영,시메오네 ㄷㄷ,2023-01-30 06:32:37
1161,원금주,시메오네 집중력 좋네요,2023-01-30 06:32:37
1162,안길산,홧팅 ~~~! 나폴리,2023-01-30 06:32:37
1163,일루왕,나폴리 걱정은 뭐다? 쓸때없다아아 ..시메오네가 누구? 조커의신!!,2023-01-30 06:32:38
1164,Nam Kim,무리뉴 ㅋㅋ,2023-01-30 06:32:38
1165,Cybermonk,흐엉~:face-purple-crying:,2023-01-30 06:32:38
1166,hakmo,나폴리 진짜 짱이네,2023-01-30 06:32:39
1167,현주현,골 기막히네,2023-01-30 06:32:39
1168,rimus P,나이스!,2023-01-30 06:32:41
1169,天_명,나이쑤우,2023-01-30 06:32:40
1170,Gold Rose,나폴리~~,2023-01-30 06:32:43
1171,김준영,오솔레미오,2023-01-30 06:32:44
1172,황조롱이,역시 나폴리네,2023-01-30 06:32:52
1173,안길산,점수올리세요,2023-01-30 06:32:54
1174,김준영,오솔레미오,2023-01-30 06:32:54
1175,박성민,이제 풀 잠그자 잠그자!,2023-01-30 06:32:55
1176,hakmo,두 팀 다 잘하네요,2023-01-30 06:33:02
1177,은댕,굿~~b,2023-01-30 06:33:03
1178,tundra tiger,나폴리 진짜 대단하다,2023-01-30 06:33:06
1179,양산메퇘지,끝내주네,2023-01-30 06:33:10
1180,황박연,한골로 이기려는 작전 이였구나 ㅎㅎㅎ,2023-01-30 06:33:11
1181,슈발리에,시메오네가 ATM 시메오네 감독이나요??,2023-01-30 06:33:13
1182,jackson,퍼스트터치가 정석이네,2023-01-30 06:33:13
1183,천둥번개,죽이네 ㅎㅎ,2023-01-30 06:33:17
1184,커서히딩크,일루왕님 일루트라다무스,2023-01-30 06:33:21
1185,김준영,오솔레미오,2023-01-30 06:33:28
1186,안길산,역시 교체 성공,2023-01-30 06:33:28
1187,박성민,오늘점심은 나폴리 마르게리따 피자로 결정했습니다!,2023-01-30 06:33:28
1188,김마야📣,:collision:골:right_arrow:오시멘. 시메오네,2023-01-30 06:33:29
1189,양산메퇘지,닥공축구,2023-01-30 06:33:32
1190,Nam Kim,무리뉴 심정지,2023-01-30 06:33:34
1191,슈발리에,시메오네 감독이 나폴리에 있나요??,2023-01-30 06:33:34
1192,현주현,손 생각 나ㅡㅡㅡ,2023-01-30 06:33:35
1193,woongki cho,무리뉴가 불쌍해,2023-01-30 06:33:41
1194,은댕,죅오~,2023-01-30 06:33:44
1195,Park영,atm감독 친아들임,2023-01-30 06:33:53
1196,천둥번개,나폴리 스쿠데토 들어 올리겠네요,2023-01-30 06:33:55
1197,Yogi Sound,식스맨님 혹시 이태리 여행 가보셨나요?,2023-01-30 06:33:58
1198,슈발리에,지오반니 시메오네가 언제 나폴리 같죠,2023-01-30 06:34:02
1199,김준영,무리뉴 가 김민재 칭찬 했는데 좀 봐조라,2023-01-30 06:34:03
1200,안길산,다 이겼네 시간 5분,2023-01-30 06:34:04
1201,최원태,무슨 민재가 말아먹어 넌축구보지말아라,2023-01-30 06:34:06
1202,도환 이,나포리최고,2023-01-30 06:34:08
1203,박성민,무리뉴 감독님 데자뷰라고 들어보셨나요..?,2023-01-30 06:34:09
1204,天_명,어제도 행복 오늘도 행복두배,2023-01-30 06:34:11
1205,허은수,오우 일단 기분 좋네요 민재야 날아라,2023-01-30 06:34:21
1206,김준영,무리뉴 가 김민재 칭찬 했는데 좀 봐조라,2023-01-30 06:34:21
1207,현주현,시메오네 이쁘네,2023-01-30 06:34:29
1208,안길산,시간 끌기 볼 돌려라,2023-01-30 06:34:43
1209,김마야📣,:collision:골:right_arrow:오시멘. 시메오네,2023-01-30 06:34:46
1210,황박연,장외 홈런~~~,2023-01-30 06:34:50
1211,명희 오,골먹힌거. 민제잘못 안 이져?,2023-01-30 06:34:57
1212,BAN Playlist,이기자ㅏㅏ깔끔하게,2023-01-30 06:35:04
1213,김준영,무리뉴 가 김민재 칭찬 했는데 좀 봐조라,2023-01-30 06:35:11
1214,현주현,수바전환시 주의,2023-01-30 06:35:13
1215,Park영,나폴리는 이기고 있어도 무조껀 닥공임,2023-01-30 06:35:14
1216,김마야📣,:collision:골:right_arrow:오시멘. 시메오네,2023-01-30 06:35:21
1217,Kyoung Heo,안녕하세요..,2023-01-30 06:35:36
1218,최상환,:yt:구독 좋아요 :thumbs_up: 꾸우욱,2023-01-30 06:35:38
1219,안길산,선수 교체로 시간잡아먹자,2023-01-30 06:35:47
1220,천둥번개,언제나 닥공 나폴리 ㅋㅋ,2023-01-30 06:35:48
1221,일루왕,당연히 민재잘못아니죠,2023-01-30 06:35:53
1222,박성민,축구는 잠그는것보다 공격축구가 최고,2023-01-30 06:35:57
1223,김마야📣,:sun_with_face:응원과 후원:yt:구독 :thumbs_up:좋아요 감사합니다,2023-01-30 06:35:58
1224,냥이는 부지런하다,느~~~~``므 재밌네요,2023-01-30 06:36:01
1225,한동훈,무리뉴 감독이네,2023-01-30 06:36:06
1226,김마야📣,:collision:골:right_arrow:오시멘. 시메오네,2023-01-30 06:36:22
1227,손금자,민재!!! 다치지만 말자 화이팅~~,2023-01-30 06:36:27
1228,필사마,나폴리....우승 각 나온다...,2023-01-30 06:36:32
1229,냥이는 부지런하다,직관 가실분~~~~~~이벤트.해요,2023-01-30 06:36:35
1230,최원태,축구의 축자도 모르는 애가 훈수질 짜증나더라 이래서 우리나라 축구보는 사람들 수준이 낮다는 소리 듣지,2023-01-30 06:36:36
1231,BAN Playlist,나폴리 감독님 모자 귀엽네요 ㅋㅋㅌㅌㅋㅋ,2023-01-30 06:36:39
1232,천둥번개,광분의 나폴리 응원,2023-01-30 06:36:42
1233,jackson,스팔레티 감독이 웃는다 ㅋㅋ,2023-01-30 06:36:48
1234,황박연,ㅎㅎㅎ,2023-01-30 06:36:54
1235,명희 오,공격 축구하니까. 민제가. 더빛나는거임,2023-01-30 06:36:58
1236,최상환,경기도빠르게진행대구 스릴넘치네요:rolling_on_the_floor_laughing:,2023-01-30 06:36:58
1237,한동훈,추가시간 6분,2023-01-30 06:37:05
1238,황박연,한골 마저 넣자!,2023-01-30 06:37:06
1239,박성민,반도다이크 김민재 화이팅!,2023-01-30 06:37:08
1240,정seunggi,추가시간5분,2023-01-30 06:37:15
1241,김준영,무리뉴 가 김민재 칭찬 했는데 좀 봐조라,2023-01-30 06:37:17
1242,현주현,우승 8부능선 지나는중,2023-01-30 06:37:24
1243,한동훈,좋았다,2023-01-30 06:37:27
1244,JH SUH,민재 좀 쉬게해줘~~~~~~,2023-01-30 06:37:28
1245,안길산,한골더가자,2023-01-30 06:37:29
1246,최상환,아까삐~~,2023-01-30 06:37:33
1247,황박연,아오 아꿉,2023-01-30 06:37:36
1248,황박연,ㅎㅎㅎ,2023-01-30 06:37:38
1249,Cybermonk,아깝다 흐,2023-01-30 06:37:38
1250,김마야📣,대단하다,2023-01-30 06:37:38
1251,일루왕,6분이면 한골더넣기 충분한 시간이다,2023-01-30 06:37:44
1252,BAN Playlist,와 ㅋㅋ무섭다ㅏ공격,2023-01-30 06:37:46
1253,정seunggi,김민재 화이팅,2023-01-30 06:37:49
1254,일루왕,민재 헤딩가즈아!!,2023-01-30 06:37:50
1255,hakmo,경기 템포가 장난 아님,2023-01-30 06:37:51
1256,효재,은돔벨레 등장,2023-01-30 06:37:57
1257,형우혁,오늘도 시청 잘하고 있네요.감사합니다,2023-01-30 06:38:08
1258,jackson,11번이 수비때 실책은 힘이 빠젔다고 본거 같음,2023-01-30 06:38:08
1259,최상환,:yt:구독 좋아요 :thumbs_up: 꾸우욱,2023-01-30 06:38:11
1260,일루왕,아. .갑분 돔벨레,2023-01-30 06:38:14
1261,명희 오,헐. 은돔? ㅠㅠ,2023-01-30 06:38:15
1262,안길산,교체로 시간 잡아먹자,2023-01-30 06:38:20
1263,원금주,뒷모습만 봐도 은돔 알겠네요~ㅋ,2023-01-30 06:38:22
1264,신양숙,김 민재선수 최고!,2023-01-30 06:38:21
1265,andrew kim,라스파도리가 하나 넣줬으면 좋겠당,2023-01-30 06:38:22
1266,이게머시고,탭댄스 마스터,2023-01-30 06:38:24
1267,marumi cs,나이스 한골 더_~,2023-01-30 06:38:28
1268,황박연,스팔레티가 유럽의 명장들 다 녹다운 시킬듯^^*ㅋㅋ,2023-01-30 06:38:30
1269,현주현,은돔 땜방신세네,2023-01-30 06:38:31
1270,박성민,왜 파트리슈 이름만 들으면 왜 우유배달이 떠오를까요..?,2023-01-30 06:38:37
1271,일루왕,팽팽했던 긴장감에 느슨함을 추가하는 나폴리,2023-01-30 06:38:39
1272,Don Juan,엉덩벌레,2023-01-30 06:38:44
1273,정seunggi,나폴리 승리가즈아,2023-01-30 06:38:49
1274,정seunggi,나폴리 승리다,2023-01-30 06:39:07
1275,jackson,와 난타전,2023-01-30 06:39:09
1276,명희 오,은돔 그냥. 백태클 하는거아님??,2023-01-30 06:39:10
1277,Park영,스팔레티감독 예전 로마감독일때 로마 우승시킴,2023-01-30 06:39:12
1278,일루왕,우당탕퉁탕,2023-01-30 06:39:12
1279,김마야📣,ㅋㅋㅋ,2023-01-30 06:39:13
1280,BAN Playlist,제일 긴장돼는 시간,2023-01-30 06:39:19
1281,황박연,와~~동네축구 선보이는^^*,2023-01-30 06:39:23
1282,안길산,다행 이네 로마지역,2023-01-30 06:39:35
1283,김마야📣,집중력 부럽다,2023-01-30 06:39:46
1284,박성민,슬램덩크 보는 기분!,2023-01-30 06:39:54
1285,커서히딩크,은돔과 무버지의 만남.,2023-01-30 06:39:56
1286,일루왕,김민재쪽으론 절대 롱패스 안보냄. .ㅋㅋㅋ 전부 엘샤라위쪽으로보내네,2023-01-30 06:39:57
1287,한동훈,3분 남았다,2023-01-30 06:40:02
1288,황박연,이런 축구가 너무 즐겁다는 ㅎㅎㅎ,2023-01-30 06:40:06
1289,냥이는 부지런하다,식스맨.채널 흥해서.직관 이벤트 했으면 좋겠네요 부디부디~,2023-01-30 06:40:13
1290,현주현,무리뉴 애말라 힘듦,2023-01-30 06:40:16
1291,일루왕,에이브러햄이 공중볼 좋은선순데. .ㅎㅎ,2023-01-30 06:40:23
1292,황박연,칠레 축구가 딱 동네 축구임^^*,2023-01-30 06:40:24
1293,BAN Playlist,ㅋㅋㅋㅋㅋ김민재 헤딩 넘사라 그런가보네요,2023-01-30 06:40:26
1294,JH SUH,파트라슈? 멍 멍? 이름이 ㅎ,2023-01-30 06:40:30
1295,안길산,이제 공 잡으면 돌리면 시간 끝나겠는데,2023-01-30 06:40:43
1296,황박연,칠레는 공따라 모두가 우르르~~ㅎㅎㅎ,2023-01-30 06:40:47
1297,환율,큰놈이 공은 잘 안뺐겼는데 요샌 어때요?,2023-01-30 06:40:48
1298,BAN Playlist,와 다 일어서있는거봐 선수들,2023-01-30 06:40:51
1299,환율,은돔이,2023-01-30 06:40:53
1300,한동훈,2분,2023-01-30 06:40:57
1301,현주현,오시멘 초조,2023-01-30 06:41:03
1302,박성민,한골 더넣어서 확인 사살 하자!,2023-01-30 06:41:04
1303,김마야📣,와,2023-01-30 06:41:10
1304,일루왕,와,2023-01-30 06:41:10
1305,천둥번개,민재야 한 골 넣어 줘,2023-01-30 06:41:13
1306,jackson,오시맨 감독 라인에서 동동 구른다,2023-01-30 06:41:13
1307,일루왕,김민재 폼 미쳤다,2023-01-30 06:41:18
1308,황박연,민재 빨러 ㅎㅎㅎ,2023-01-30 06:41:19
1309,김마야📣,ㅋㅋ,2023-01-30 06:41:20
1310,BAN Playlist,로마 급하다ㅏ,2023-01-30 06:41:30
1311,안길산,야 시간 안가네,2023-01-30 06:41:33
1312,웃기는 세상,스쿠테토가 보이는 나폴리네요,2023-01-30 06:41:38
1313,최상환,토트넘이 나폴리랑붙으면 개쳐발릴듯~~~,2023-01-30 06:41:41
1314,색소폰과함께(제천),호오ㅎㅎㅎㅎㅎㅎ,2023-01-30 06:41:42
1315,최상환,:yt:구독 좋아요 :thumbs_up: 꾸우욱,2023-01-30 06:41:52
1316,황박연,민재가 따라 붙으면 허겁지겁 ㅎㅎㅎ,2023-01-30 06:41:55
1317,한동훈,1분,2023-01-30 06:41:57
1318,정seunggi,김 민 재 화이팅,2023-01-30 06:41:59
1319,현주현,잘한다 나폴리 맘보,2023-01-30 06:42:07
1320,환율,다이어 털림 ㅋ,2023-01-30 06:42:11
1321,한동훈,버티자 나폴리,2023-01-30 06:42:12
1322,정seunggi,버티자,2023-01-30 06:42:12
1323,천둥번개,다행이에요,2023-01-30 06:42:16
1324,박성민,제발 이번만 막자!,2023-01-30 06:42:24
1325,정seunggi,버티자 나폴리,2023-01-30 06:42:30
1326,김마야📣,ㅋㅋㅋ,2023-01-30 06:42:31
1327,색소폰과함께(제천),진짜 매번 대단한 나폴리ㅎㅎ,2023-01-30 06:42:41
1328,한동훈,나이스,2023-01-30 06:42:41
1329,일루왕,은돔벨레 허둥지둥. .짜식아!!!,2023-01-30 06:42:41
1330,김마야📣,막아,2023-01-30 06:42:48
1331,한동훈,불어라 심판 ,2023-01-30 06:42:54
1332,환율,은돔이 질질 끌어 특기잖아,2023-01-30 06:43:01
1333,박성민,나폴리! 버텨!,2023-01-30 06:43:05
1334,최상환,:yt:구독 좋아요 :thumbs_up: 꾸우욱 :smiling_face_with_hearts:,2023-01-30 06:43:09
1335,웃기는 세상,식스맨님 수고하셨습니다,2023-01-30 06:43:18
1336,BAN Playlist,우와 김민재ㅐ!!!!!!,2023-01-30 06:43:20
1337,색소폰과함께(제천),시마이!!!!ㅋㅋ,2023-01-30 06:43:22
1338,정seunggi,김민재 해딩처맅,2023-01-30 06:43:37
1339,安杰,굿~끝,2023-01-30 06:43:47
1340,jackson,주심 시계 고장,2023-01-30 06:43:47
1341,한동훈,경기종료,2023-01-30 06:43:48
1342,효재,경기 끝,2023-01-30 06:43:52
1343,최상환,민제막았당~~~끄엇,2023-01-30 06:43:58
1344,김마야📣,:washhands::washhands::washhands::washhands::washhands:,2023-01-30 06:44:00
1345,이수성,오시맨 골만 봤는데 추가골은 누가 넣었나요?,2023-01-30 06:44:01
1346,BAN Playlist,끝!!! 승리ㅣ 나폴리 승!!,2023-01-30 06:44:04
1347,정seunggi,나이스 김민재,2023-01-30 06:44:04
1348,황박연,오시맨 흥분 ㅎㅎㅎ,2023-01-30 06:44:06
1349,박박경린,와웅,2023-01-30 06:44:06
1350,이기성,우리원톱 해설가. 화이팅하세요 고생하셨습니다,2023-01-30 06:44:08
1351,BAN Playlist,굿!!!굿구,2023-01-30 06:44:12
1352,박성민,이겼드아!!!!,2023-01-30 06:44:12
1353,현주현,오시멘 좋아미침,2023-01-30 06:44:13
1354,일루왕,무족,2023-01-30 06:44:14
1355,김마야📣,:collision:골:right_arrow:오시멘. 시메오네,2023-01-30 06:44:15
1356,김기섭,수고 많았습니다,2023-01-30 06:44:15
1357,rimus P,와 재밌네요!,2023-01-30 06:44:16
1358,andrew kim,휴,2023-01-30 06:44:16
1359,rimus P,ㅋㅋ,2023-01-30 06:44:18
1360,환율,오오,2023-01-30 06:44:18
1361,색소폰과함께(제천),보람있는 새벽시간이었네요ㅎㅎㅎ,2023-01-30 06:44:19
1362,jackson,수고하셨습니다,2023-01-30 06:44:20
1363,김마야📣,:collision:골:right_arrow:오시멘. 시메오네,2023-01-30 06:44:23
1364,安杰,20라운드 나뽈리~~~굿 ,2023-01-30 06:44:25
1365,효재,오시멘 시메오네가 넣었어요,2023-01-30 06:44:26
1366,정seunggi,휘슬,2023-01-30 06:44:27
1367,원금주,와 재밌는경기였네요,2023-01-30 06:44:30
1368,BAN Playlist,역시 나폴리 경기 너무재밌어요!,2023-01-30 06:44:30
1369,김마야📣,:collision:골:right_arrow:오시멘. 시메오네,2023-01-30 06:44:30
1370,woongki cho,시청자 2700? 실화냐?,2023-01-30 06:44:30
1371,安杰,해설 잘 봣습니다~~~,2023-01-30 06:44:33
1372,황박연,좀 마니 바준 경기^^*,2023-01-30 06:44:33
1373,hakmo,AS로마도 칭찬해주고 싶다.. ,2023-01-30 06:44:36
1374,와쪄염,수고하셨습니다~^^,2023-01-30 06:44:36
1375,정seunggi,수고하셨습니다,2023-01-30 06:44:40
1376,색소폰과함께(제천),기분좋은 월요일!!!!!ㅋㅋ,2023-01-30 06:44:44
1377,한동훈,재미있는 경기 였다,2023-01-30 06:44:44
1378,Gold Rose,수고하셨어요,2023-01-30 06:44:44
1379,김마야📣,:yt:구독 :thumbs_up:좋아요 클릭클릭,2023-01-30 06:44:45
1380,정seunggi,수고했어요,2023-01-30 06:44:46
1381,Cybermonk,식스맨님 수고하셨어여,2023-01-30 06:44:46
1382,安杰,수고 많으셨습니다 ,2023-01-30 06:44:49
1383,커서히딩크,수고하셨습니다.,2023-01-30 06:44:50
1384,김마야📣,:yt:구독 :thumbs_up:좋아요 클릭클릭,2023-01-30 06:44:52
1385,현주현,디발라 헛발 안습,2023-01-30 06:44:53
1386,BAN Playlist,식스맨님 해설들으며 같이 보니까 너무 실감나도 재밌네요,2023-01-30 06:44:54
1387,tundra tiger,나폴리는 찐이다,2023-01-30 06:44:54
1388,정seunggi,수고하셨습니다,2023-01-30 06:44:57
1389,Gold Rose,토트넘이랑은 차원이 다른 경기,2023-01-30 06:44:57
1390,최상환,넘재밋게하네요~:thumbs_up::thumbs_up::thumbs_up::rolling_on_the_floor_laughing:,2023-01-30 06:44:57
1391,hakmo,경기 진짜 잼있엇음,2023-01-30 06:44:57
1392,BAN Playlist,수고하셨습니다 해설!!,2023-01-30 06:44:59
1393,한동훈,식스맨님 해설 잘 들었습니다 수고하셨습니다,2023-01-30 06:45:02
1394,도환 이,수고하셔습니다,2023-01-30 06:45:03
1395,정seunggi,수고했어요,2023-01-30 06:45:05
1396,William Song,수고하셨어요.,2023-01-30 06:45:06
1397,천둥번개,ㅎㅎ 수고 많으셨습니다 식스맨님~^^,2023-01-30 06:45:06
1398,전범기 👎반대,[좋 ㅇ ㅏ 요] 눌러주세요 형님언니들~~~[좋 ㅇ ㅏ 요] 눌러주세요 형님언니들~~~[좋 ㅇ ㅏ 요] 눌러주세요 형님언니들~~~,2023-01-30 06:45:09
1399,정seunggi,수고하세요,2023-01-30 06:45:11
1400,일루왕,하. .느므 재밌다 나폴리,2023-01-30 06:45:11
1401,최상환,:yt:구독 좋아요 :thumbs_up: 꾸우욱 :smiling_face_with_hearts:,2023-01-30 06:45:14
1402,정seunggi,수고하셨습니다,2023-01-30 06:45:16
1403,전범기 👎반대,[좋 ㅇ ㅏ 요] 눌러주세요 형님언니들~~~,2023-01-30 06:45:17
1404,BAN Playlist,정말 수고하셨습니다!! 항상 건강하십쇼,2023-01-30 06:45:18
1405,밥주TV 일상 먹방 ,새해복 많이 받으세요,2023-01-30 06:45:23
1406,Gold Rose,고생하셨습니다.,2023-01-30 06:45:25
1407,hakmo,수고하셨습니다~,2023-01-30 06:45:29
1408,Sunny Kim,"나이스 나폴리,, 대단란",2023-01-30 06:45:32
1409,원금주,수고하셨습니다,2023-01-30 06:45:37
1410,Echo,오늘 중계도 수고하셨습니다 :red_heart:,2023-01-30 06:45:39
1411,명희 오,수고하셨어요.육선생님 ㅋ ㅋ,2023-01-30 06:45:40
1412,이미령,새벽시간 수고많으셨 습니다,2023-01-30 06:45:41
1413,카쌤의종이접기NJ_origami,식스맨님 오늘도 수고많으셨어요~,2023-01-30 06:45:43
1414,woongki cho,"뽈리187명, 식스맨 2700명",2023-01-30 06:45:44
1415,Byoung-Wook Im,수고하셨습니다~,2023-01-30 06:45:44
1416,양산메퇘지,나폴리 진짜 재밌게 하네요,2023-01-30 06:45:45
1417,kim 지민,수고하셨어요:man_gesturing_ok::blue_heart::thumbs_up:,2023-01-30 06:45:47
1418,환율,잘하네,2023-01-30 06:45:47
1419,도환 이,씩스맨님수고하혔어요,2023-01-30 06:45:47
1420,박성민,김민재 선수 세리에 올해의 수비수상같은거 받지 않을까요?,2023-01-30 06:45:49
1421,Park영,수고하셨어요!!!,2023-01-30 06:45:52
1422,kim 지민,모두 안뇽,2023-01-30 06:45:55
1423,김마야📣,모두 감사합니다~:heart_suit:,2023-01-30 06:45:56
1424,황박연,울 사랑하는 지기님들 오늘도 수고 하셨습니다^^*,2023-01-30 06:45:57
1425,허은수,식스맨님 수고하셨어요,2023-01-30 06:45:59
1426,BAN Playlist,수고하셨습니다! ㅂㅂㅂㅂㅂㅂ,2023-01-30 06:46:00
1427,색소폰과함께(제천),수고하셧슴다ㅎㅎ,2023-01-30 06:46:00
1428,BAN Playlist,안뇽ㅇㅇ,2023-01-30 06:46:02
1429,최상환,왜1위인지 보여준경기~~,2023-01-30 06:46:03
1430,황박연,암튼 기분 좋습니다^^*,2023-01-30 06:46:03
1431,귀동냥,고생하셨어요~~~~,2023-01-30 06:46:03
1432,kim 지민,좋은한주 시작하세요:red_apple::blue_heart:,2023-01-30 06:46:07
1433,JH SUH,수고하셨어요,2023-01-30 06:46:07
1434,Sunny Kim,멋진 식스메,2023-01-30 06:46:08
1435,원금주,다들 좋은하루 보내세요!,2023-01-30 06:46:10
1436,rimus P,수고하셨습니다!,2023-01-30 06:46:12
1437,일루왕,수고하셨어요!!!!,2023-01-30 06:46:13
1438,봄,시즌 몇경기에요,2023-01-30 06:46:15
1439,김마야📣,즐거운 하루 보내세요~~:heart_suit:,2023-01-30 06:46:16
1440,일루왕,모두모두 좋은하루!!,2023-01-30 06:46:19
1441,최상환,:yt:구독 좋아요 :thumbs_up: 꾸우욱,2023-01-30 06:46:20
1442,냥이는 부지런하다,수고많으셨어요,2023-01-30 06:46:22
1443,천둥번개,고맙습니다,2023-01-30 06:46:23
1444,슈발리에,수고하셨어요,2023-01-30 06:46:24
1445,비숍최,굿잡~^^,2023-01-30 06:46:24
1446,한동훈,수고하셨습니다,2023-01-30 06:46:24
1447,현주현,민재 오시멘 시오메네 가즈아ㅡ수고,2023-01-30 06:46:25
1448,kim 지민,마야님:blue_heart: 서유미님:blue_heart: 원금주님:blue_heart: 황박연님:blue_heart: 일루왕님:blue_heart: 색소폰님 :blue_heart:,2023-01-30 06:46:26
1449,전범기 👎반대,고생하셨습니다 모두,2023-01-30 06:46:27
1450,Gold Rose,수고용,2023-01-30 06:46:30
1451,나연,고생하셨습니다! 식스맨 최고,2023-01-30 06:46:30
1452,天_명,수고 많으 셨어요 즐거운 한주 되세요 식스맨님ㅡㅡㅡ,2023-01-30 06:46:32
1453,woongki cho,무리뉴가 불쌍해,2023-01-30 06:46:37
1454,김마야📣,:sun_with_face:응원과 후원:yt:구독 :thumbs_up:좋아요 감사합니다,2023-01-30 06:46:39
1455,황박연,울 김지민님도 사랑해요^^*,2023-01-30 06:46:40
